Company Name, Telephone, Fax, Email, Contact Person
A-POINT PROMOTION, (03) 9132 1916, (03) 9132 0609, project@a-pointpro.com, Ms Lau Mooi Khuan
A. D. INTERIOR CONCEPT SDN BHD, (03) 9287 3226, (03) 9287 3236, adic@adinterior.com.my, Mr Kam Kim Chuan
ABADI MERDEKA SDN BHD, (03) 2181 6941, (03) 2181 8941, reeasahamed1971@gmail.com, Contact: Mr M. H. Nafeel
ACE GREEN ENERGY SDN BHD, (0 3) 3291 2224, (0 3) 3290 4388, razak@greenoceancorp.com, Mr Mohd Yusri Bin Md Yusof
ACE MULTI-TRADE (M) SDN BHD, (0 3) 6186 6822, (0 3) 6186 6811, richardchang.ace@gmail.com, Mr Richard Chang
AD BIOMASS SDN BHD, (03) 7846 0698 / 7846 6698, (03) 7846 0898, lai_davco@hotmail.com, Mr Lai Kean Leong
ADWOOD RESOURCES SDN BHD, NaN, + 60 6 978 6886, adwoodexp@gmail.com, Mr Marcus
AES LOGISTICS SDN BHD, (0 3) 3165 7600, (0 3) 3165 7500, mandy@aeslog.com.my, Ms Mandy Ang
AIKBEE SAWMILL SDN BHD, + 60 9 231 1118, + 60 9 231 1133, kepongmill@gmail.com, Mr Lim Chong Kee
AIM STRONG INDUSTRIES SDN BHD, + 60 4 438 0066, + 60 4 438 0099, szeyan77@gmail.com, Mr. Lim [H/P No: +60 (016) 206 0909]
AIREGOLD SDN BHD, + 60 6 985 9233| 12 604 9633 - OFFICE MOBILE, + 60 6 985 9232, jasmine@airegold.com, Mr Lim Su Kim
AJMAL INTERNATIONAL SDN BHD, + 60 3 2144 1533| 2081 3999, + 60 3 2144 3633, ajmal.pavilion@ajmalmalaysia.com, Mr Abdulla Amiruddin Ajmal
AL-BOURAQ TIMBER SDN BHD, + 60 (03) 2114 2636, + 60 (03) 2114 2636, operation@albouraqtimber.com, En Syed Abdul Hamid Bin Syed Osman
ALAM MAJUJAYA SDN BHD, (03) 7983 4037, (03) 7983 4027, vivienchan18@yahoo.com.my, Mr Chong Thai Ron
ALAM RA’I SDN BHD, + 60 3 6142 4803, + 60 3 6142 4804, sales@alamrai.com, Mr Asif Akhtar Siddiqui [H/P No: +60 (019) 312 9905]
ALCA VSTYLE SDN BHD, NaN, (0 3) 6141 4172, logistics@alca.com.my, Ms Yap Aik Soon
ALIKSON ENTERPRISE SDN BHD, + 60 (07) 776 3378, + 60 (07) 776 7378, huiping@alikson.com, Mr Tee Kian San
ALMOHIT TRADING SDN BHD, NaN, NaN, info@m-arabi.com, Mr Mahmood Mohamed Saleh
ALPHAZONE HOLDINGS SDN BHD, + 60 (0 3) 2276 5838, + 60 (0 3) 2276 5837, sadik@alphazone.com.my, Mr Sadik Raja
AND ONE SDN BHD, (0 10) 883 1951, (0 7) 434 8475, andonesb@gmx.xo.uk, Mr Goh Kok Siong
ANEKA KUALITI SDN BHD, (019) 986 2571, NaN, yploo12@yahoo.com, Mr Loo Yon Pin
ANGRED MARKETING AND SERVICES SDN BHD, (03) 7865 2734 / (0 12) 920 5506, NaN, alfred@angred.com, Mr Alfred A/L Anthonysamy
ANSON TIMBER PRODUCTS SDN BHD, + 60 5 621 0253, + 60 5 621 0257, sales@ansontimber.com, Mr Eric Tan : H/P [+60 (019) - 5564 439]
ANTAMEGAH SDN BHD, (03) 3101 3039, (03) 3101 4919, vivian@antamegah.com, Ms Lim Sze Yuen
APEXJAYA INDUSTRIES SDN BHD, (0 3) 5631 8510, (0 3) 5631 8595, apexjaya@yahoo.com, Mr Wong Thim Fatt
APP TIMBER SDN BHD, + 60 3 7847 4716| 7847 4761, + 60 3 7843 9240| 7843 9235, info@apptimber.com, Mr Michael Hermens
ARAH ASIA SDN BHD, + 60 9 355 2988| 355 7833, + 60 9 355 3957, arahasia@streamyx.com, Mr Chan SP
ARAMIJAYA SDN BHD, + 60 7 251 2881| 256 3381| 255 1882, + 60 7 256 1882| 255 5882, enquiry@aramijaya.com, Mr Ong Kok Woo
ARCHWORTH CORPORATION (M) SDN BHD, + 60 3 3345 2196, + 60 3 3344 4087, archworth@gmail.com, Mr Allen Chan
ARMADA SHIPPING & LOGISTICS (M) SDN BHD, + 60 3 3326 8888, + 60 3 3324 8185| 3324 7648, js@armadagroup.com.my, Mr Chang Jui Sin
ASIA GATE SDN BHD, (03) 2110 6808, NaN, info@asiagate-m.com, Mr Ammar M Muhsin Al-Ameri
ASIA PLANTATION CAPITAL BERHAD, + 60 (07) 207 0676, + 60 (07) 207 0476, info@asiaplantationcapital.com, Mr Steve Watts
ASIA TIMBER HOUSE SDN BHD, + 60 3 7845 0562| 7485 2183| 7485 2283, + 60 3 7845 3942, cath_loh@ath.com.my, Mr Eddie Chuah [H/P No: +60 (016) 328 5678]
ASIAN TERRITORY SDN BHD, + 60 (06) 492 0288 / 492 0081, + 60 (06) 492 0080, asianterritory@yahoo.com, Mr Lee Sun Heng
ASIAWOOD LUMBERS SDN BHD, (0 3) 3168 9198, (0 3) 3167 9825, info@asiawoodlumbers.com, Mr Lai Too Huat
ASIAWOOD PRODUCT MARKETING SDN BHD, (0 6) 523 6367, (0 6) 523 6367, ngoichingyeh@yahoo.com.sg, Mr Ngoi Ching Yeh
ASMA WOOD (M) SDN BHD, + 60 3 4024 7101, + 60 3 4023 9786, asmawood@gmail.com, Mr Musaddique A. Majeed [H/P No: +60 (012) 6515 616]
ATLAS TIMBER (EXPORT) AGENCIES SDN BHD, + 60 12 333 3488, + 60 3 2288 8228, atlastimberexport@yahoo.com, Mr Albert Low
AURORA HAUS SDN BHD, NaN, (0 3) 6140 1659, aurorahaus@yahoo.com, Ms Go Chee Yuen
AUTO PAN TIMBER INDUSTRIES SDN BHD, + 60 012 238 6521, + 60 (03) 3291 6521, ho3chin@gmail.com, Mr Ho Kheng Keong
AUTOMATION CONCEPTS (M) SDN BHD, NaN, NaN, kglee_acmsb@yahoo.com, Mr Lai  Chew Kuang
AV FURNITURE GROUP SDN BHD, (03) 3162 5655, (03) 3168 6613, emily@avfurnituregroup.com, Mr Tay Kian Shing
AWAN PACKAGING SDN BHD, (0 4) 501 5151, (0 4) 501 5152, leelp@awanpack.com, Mr Azman Bin Mohamed
AYUGA AGARWOOD HITEC PLANTATION SDN BHD, (0 3) 7956 3232, (0 3) 7956 2030, ayuga_agarwood@yahoo.com, Mr Cheah Min Loong
B & P TIMBER SDN BHD, NaN, NaN, bnptimber@gmail.com, Mr Lim Chee Boon
BAN HUAT WOOD INDUSTRIES SDN BHD, + 60 4 777 3317 / 777 3318, + 60 4 777 3316, banhuatw@gmail.com, Mr Ooi Kim Seah
BARA OMNI SDN BHD, (0 9) 239 9358, (0 9) 239 9902, cheehow529@yahoo.com, Mr Thong Wah
BASIC HITECH FURNITURE SDN BHD, (0 3) 6203 5564, NaN, basichitechfurniture@gmail.com, Mr Derrick Rohan Jeshurun
BBB ASIA CAPITAL BERHAD, (0 3) 7773 1836, NaN, contact@bbb2u.com, Mr Yap Nee Seng
BE WOOD CRAFT SDN BHD, + 60 7 759 5811, + 60 7 759 5812| 759 5859, chkuek@begroup.com.my, Mr Kuek Choon Heng
BED & SEAT FURNITURE SDN BHD, (0 6) 985 0554, (0 6) 985 0554, bed-seatfur@hotmail.com, Mr Ngo Sen Loke
BEDTWOBED DISTRIBUTION SDN BHD, (03) 7847 3882, (03) 7847 1328, info@expressfurniture.com.my, Mr Lim Seng Twee
BENLI TIMBER SDN BHD, NaN, NaN, benlitimber@gmail.com, Mr Benny Tan
BERIS TIMBER TRADING, (019) 369 1412, (09) 695 1021, sinling889@hotmail.com, Ms Loh Sin Ling
BESARAYA RUBBERWOOD INDUSTRIES SDN BHD, (0 11) 3954 2855 / (0 16) 482 5866, + 60 5 6722229, besaraya@gmail.com, Mr Yu Kheng Lai
BEST MATRIX SDN BHD, NaN, (09) 512 4498, bestmatrix.sb@gmail.com, Ms Leong Chui Feng
BEST MAXIM SDN BHD, (0 88) 255 905 / 231 143, (0 88) 255 907, lengleng1963@hotmail.com, Mr Chew Beng Huat
BEST TIMBER MART SDN BHD, + 60 3 4108 5585| 12 206 3585, + 60 (03) 4108 5585, bestim786@gmail.com, Mr A. Krishnan [H/P No: +60 (019) 223 0949]
BESTARI WUJUD SDN BHD, (0 3) 7726 5513, (0 3) 7726 5517, ismailamirah@gmail.com, En Mohamed Ismail
BESTWIN RESOURCES SDN BHD, + 60 9 960 7550 | 7 937 0610, + 60 (09) 960 7550 | (07) 937 0618, kangsai9331@yahoo.com, Mr Tan Kang Sai
BEYOND POWER SDN BHD, + 60 6 498 5830| 12 681 7123, + 60 6 498 5829, beyondpower68@yahoo.com, Mr Law Wee Teck
BIG BOB TRADING (M) SDN BHD, (0 3) 2785 6917, (0 3) 2785 6900, info@bigbobgroup.com, Mr Gana Shekar S L Kunasakaran
BIG ONE TIMBER MOULDING (M) SDN BHD, (05) 365 6766, (05) 366 2666, info@bigonemoulding.com, Mr Chai Seong Choong
BIO ENECO SDN BHD, NaN, (0 3) 9054 8138, admin@bioeneco.com, Ms Ching Wenn
BIO GREEN TECHNOLOGY SDN BHD, NaN, + 60 3 2178 4138, info.biogreentech@gmail.com, Ms Jessica Law: [H/P No: +60 (017) 711 8236]
BLOSSOM DELIGHTS SDN BHD, + 60 (03) 3165 3500, + 60 (03) 3165 3500, blossomdelightsb@yahoo.com, Mr Yap King Soon
BLUE ROOTS SDN BHD, + 60 3 3359 5678, + 60 3 3348 4567, allenlim@bluerootstimber.com, Mr Allen Lim Lai Wah
BLUE STAR SAWMILL SDN BHD, (0 9) 231 1898, (0 18) 342 0268, eatimberexport@gmail.com, Mr Lim Kian Loong
BOON HOCK SAWMILL SDN BHD, + 60 5 807 3767 / 807 2403, + 60 5 807 8137, boonhocksawmill@gmail.com, Mr Ng Eow Siah
BORTIM EXPORT SDN BHD, + 60 3 7492 1177| 19 225 4939, + 60 3 7492 2277| 7492 2772, office@bortimex.com.my, Mr Lee Leh Yew  [H/P No: +60 (019) 225 4939]
BOUNTY MILLIONS SDN BHD, + 60 3 3292 527, + 60 3 3292 153, leoboonloong@gmail.com, Mr Leo Boon Loong
BUMI KASTURI SDN BHD, (09) 277 1876, (09) 277 1876, bumikasturi@hotmail.com, Mr Yong Meow Hun
BVRIO LIMITED, (0 55) 21 3596 4006, NaN, timber@bvrio.org, Mr Bruno Maier (bruno.maier@bvrio.org)
BW SIM HUAT TIMBER SDN BHD, + 60 4 582 8051, + 60 4 582 1175, admin@simhuat.com.my, Mr Teoh Swee Hean
CABANG METRO SDN BHD, (09) 912 0961, (09) 912 0960, cabangmetrosb@hotmail.com, Mr Bong Kim Fah
CARL RONNOW (MALAYSIA) SDN BHD, + 60 88 483 888, + 60 88 483 801, info@carlronnow.com.my, Mr Anders Moller
CARL RONNOW LOGISTICS SDN BHD, (0 88) 483 888, (0 88) 483 801, jl@carlronnow.com.my, Mr Wong Wie Sing
CBL MARKETING (M) SDN BHD, + 60 (04) 501 4554, + 60 (04) 501 4551, irene@cbldoor.com.my, Mr Eng Cheng Kee
CBS PRODUCTS SDN BHD, (0 86) 316 700, (0 86) 311 800, cb_gmd@cipra.com.my, Y Bhg Dato Hii Poh Bing
CCL TIMBER (M) SDN BHD, (0 5) 241 0211, (0 5) 255 5982, ccmah323@gmail.com, Mr Chong Zheng Wei
CERGAS UTARA SDN BHD, + 60 4 916 1108, + 60 4 916 1208, siong@yahoo.com, Mr Shim Chun Wei
CF ASIA TRADING SDN BHD, (07) 358 2818, (07) 354 0818, jefflee@cfasiawood.com, Mr Jeff Lee
CHAR BEST TRADING SDN BHD, + 60 (03) 4266 0471, + 60 (03) 4266 0471, charbest999@yahoo.com, Mr Paul Nyu
CHENG MU ENTERPRISE SDN BHD, (0 6) 678 4262 / 678 4263, (0 6) 678 4264, chengmuenterprisesdnbhd@hotmail.com, Mr Cheng Choon Keat
CHEOWOOD INDUSTRIES SDN BHD, (05) 282 4268, (05) 282 4168, cheowood@gmail.com, Mr Chow Ngok Ching
CHIN HO SAWMILL CO. (M) SDN BHD, + 60 4 573 1932, + 60 4 573 6989, chinho1@streamyx.com, Mr Tan KH
CHIN SOON TIMBER TRADING SDN BHD, + 60 4 521 3230, + 60 4 521 2715, chopchinsoon@yahoo.com, Ms Tan
CHIUN HOOI RESOURCES SDN BHD, + 60 4 643 8318, + 60 4 643 8318, chiunhsb@streamyx.com, Mr Jason Leow [H/P No:  +60 (012) 487 9911]
CHOON TECK TIMBER (M) SDN BHD, + 60 17 535 3669, + 60 6 263 1923, cttimber@live.com, Ms Ong: [H/P No: +60 (017) 535 3669]
CHOON TIAN TIMBER SDN BHD, (0 4) 425 2268, (0 4) 422 2168, choontiantimber@gmail.com, Mr Teh Kim Chong
CHOP SEE HENG FURNITURE SDN BHD, (06) 351 5331, (06) 351 5332, seehengchop@yahoo.com, Ms Low Phui Fun
CHOW KUM FOOK & SONS (MANUFACTURER) SDN BHD, + 60 9 - 5678 377, + 60 9 - 5678 522, enquiries@ckfsons.com, Mr Chow Seng Mun
CIPTA BRIQUETTES SDN BHD, (0 86) 316 700, (0 86) 311 800, cb_gmd@cipta.com.my, Y Bhg Dato' Hii Poh Bing
CKF RODS SDN BHD, + 60 3  8023 0910, + 60 3  8023 0920, sam@ckf.com.my, Ms. Sam
CLASSICS LIVING FURNITURE (M) SDN BHD, (07) 382 2291, (07) 388 8898, NaN, Mr Chew Keng Beng
CLEAR PRIORITY SDN BHD, (03) 3319 2082, (03) 3319 2082, hqsazman@yahoo.com, Mr Zainal Azman B Mdzam
CLUSTER BIO ENERGY SDN BHD, (0 3) 9018 1827, (0 3) 9108 3827, rayment.clusterbioenergy@gmail.com, Mr Rayment Quah
CONLEY ENTERPRISE, + 60 17 981 7292 / 12 985 7292, + 60 9 568 6049, conleyenterprise@gmail.com, Mr Cheong Keng Ling
CORPORATE SPECIALISTS SDN BHD, + 60 6 981 1120, + 60 6 981 1490, sharren@csmuar.com, Mr Chen Yuan Chuan [Managing Director]
COSTRACO SDN BHD, + 60 3 7880 2191, + 60 3 7880 2671| 7880 2672, info@costraco.com, Mr Henry Ng Kok Guan
CRAFT MASTER TIMBER PRODUCTS SDN BHD, + 60 7 454 2005| 454 3112, + 60 7 454 3239, alan@craftmaster.com.my, Mr Alan Tan
CRYSTAL ONE VENUE SDN BHD, (0 7) 238  3001, NaN, cristalonebb@gmail.com, Mr Md Nor Bin Parmin
CSC BIO-COAL SDN BHD, + 60 6 2310 169 | 357, + 60 6 2310 167, swlim@cscmalaysia.com, Mr HP Chen
CSRB TRADING SDN BHD, (0 4) 505 7530, (0 4) 505 7530, csrbtrading@gmail.com, Mr Khor Chun Siah
CV GLOBAL SDN BHD, (0 3) 3344 8366, NaN, cvglobalsb@gmail.com, Mr Soo Kel Ming
CY YAP ENTERPRISE, (0 12) 290 9043, (0 3) 4024 6113, cyyapenterprise6113@gmail.com, Mr Yap Cheng Siong
DA MU XIANG SDN BHD, NaN, NaN, sy.tonylee.om@gmail.com, Mr Lee Sam Yee
DAMITHAH UNIVERSAL SDN BHD, NaN, NaN, rizkaintl@yahoo.com, Mr Muhammad Imran Khan
DANAU UNGGUL SDN BHD, + 60 9 222 5098, + 60 9 222 7728, tmg_313@yahoo.com, Mr Lim CH
DANWIN MARKETING (M) SDN BHD, (0 9) 573 8852, (0 9) 573 8851, danwin788@gmail.com, Mr Ng Kee Yong
DANWIN WOOD PRODUCTS SDN BHD, (09) 573 8852, (09) 573 8851, danwinwp788@gmail.com, Mr Ng Kian Kee
DAYSWOOD SDN BHD, (0 82) 505 069, (0 82) 505 067, linda.tiong85@gmail.com, Mr Yung WenZao
DC SYNERGY SDN BHD, NaN, NaN, chaiwcong@gmail.com, Mr Chai Choy Huat
DENSETRADE HOLDINGS SDN BHD, (0 9) 513 61139, (0 9) 516 5229, densehold@gmail.com, Mr Loo Chin Meng
DERIWOOD ENTERPRISE SDN BHD, (09) 277 7268, (09) 277 4168, deriwoodenterprise@gmail.com, Mr Lai Lee Choon
DESA K.L. ENTERPRISE SDN BHD, + 60 3 6189 4364, + 60 3 6188 4163, enquiry@desakl.com.my, Mr Knew See Chua
DETIK INFORMATIF SDN BHD, (0 3) 9172 8970, (0 3) 9172 8970, ichan70@gmail.com, Mr Ameer Irshad
DEUX PERFECTIONS SDN BHD, + 60 (04) 507 2128, + 60 (04) 507 2127, deuxperfection@gmail.com, Mr KY Chua
DIAMOND VENUE SDN BHD, + 60 (09) 277 2671, + 60 (09) 277 2671, diamondvenuesb@gmail.com, Mr Gajandran
DINXINGS (M) SDN BHD, (04) 447 7932, (04) 447 8932, ken@dinxings.com.my, Mr Tan Yen Seong
DOWTIM WOOD PRODUCTS SDN BHD, + 60 (03) 3134 2786, + 60 (03) 3134 2179, amir@dowletwood.net, Mr. Pandian
DURGA TIMBER TRADERS, NaN, (09) 513 9449, NaN, Mr Tharma Lingam A/L Kanapathy
DW TIMBER SDN BHD, 9 9124 388, 9 9124 489, dw_timber@hotmail.com, Mr Lee Kon Yih
E. P. W. SDN BHD, + 60 3 3341 4211| 3341 4199, + 60 3 3341 3628| 3342 7600, epwsdnbhd@gmail.com, Mr Robert Ang
EAGLESWOOD TOBACCO INTERNATIONAL SDN BHD, (0 3) 8011 7290, (0 3) 8011 7290, kevin.leow@sylkera.com, Mr Kevin Leow Boon Keng
EAST COAST AGARWOOD SDN BHD, (0 65) 9638 1096, + 60 9 623 1578, main@ecimexagarwood.com, Mr Chua Kim Tiong
EASTARLUMBR SDN BHD, + 60 9 270 1017, + 60 9 270 1018, jameskblim@gmail.com, Mr James Lim
EASTBOARD PRODUCTS SDN BHD, NaN, (0 4) 356 4632, cstan@eastboardchemicals.com, Mr Tan Chiat Soon
EC MOULDING (M) SDN BHD, + 60 (0 5) 366 2333, + 60 (0 5) 366 2666, info@ecmoulding.com.my, Mr Chai Seong Lim [Directors]
ECO ENERGY ASIA RESOURCES SDN BHD, 3) 5525 1256, NaN, admin@ecoenergy.com.my, Mr Derrick Koo
ECO LUMBER SDN BHD, + 60 3 4270 1298| 4270 1498, + 60 3 4270 1798, eco@eco-lumber.com, Mr CC Low
ECOPOLITAN SDN BHD, + 60 (04) 422 6804, + 60 (04) 422 6808, tehskhg@yahoo.com, Mr Jason Teh Su Khuang
ECT TIMBER ENTERPRISE SDN BHD, + 60 7 352 3850| 358 1532, + 60 7 358 1532, ect8253@gmail.com, Ms BH Ong
EDGE WOOD SDN BHD, (0 3) 7610 4300, NaN, nick@edgewood.asia, Mr Goo Choon Cheng
EKOFEUZ INDUSTRY, (0 4) 446 4454, (0 4) 446 4454, admin@ekofeuz.com, Mr Loh Chia Cheang
ELEPLAS INDUSTRIES SDN BHD, + 60 7 759 5811| 759 5813| 759 5816| 759 5820, + 60 7 759 5812, chkuek@begroup.com.my, Mr Kuek Choon Heng
EM WOOD INDUSTRIES SDN BHD, + 60 3 6137 4115| 6137 6224|, + 60 3 6127 3322| 6137 4406, emwood@unifi.my, Mr . Ganesh Rajan : [H/P No: +60 (012) 385 9864]
EMBUN RIA SDN BHD, NaN, (0 9) 740 6348, ongchyelee@gmail.com, Mr Ong Chye Lee
EMP FURNITURE CENTRE, (0 16) 770 0589, (0 7) 558 5589, empmeitoh@gmail.com, Ms Toh Choo Beng
ENERGYTRANSFORMERS MALAYSIA SDN BHD, NaN, NaN, sk.tham@energytransformers.asia, Mr S.K Tham
ENG HOO TRADING CO. (M) SDN BHD, + 60 3 7956 2588, + 60 3 7958 3566, admin@enghoo.com.my, Mr Tan Aik Lam [H/P No: + 60 (012) 202 0145]
ENG SOON HUAT WOOD SDN BHD, + 60 (09) 795 0314, + 60 (09) 795 0336, engsoon2014@hotmail.com, Mr Tan Kok Chiang
EPIC AGARWOOD  BERHAD, NaN, NaN, angelsoo222222@gmail.com, Ms Angel Soo
ES ENG SOON (J) SDN BHD, (0 7) 232 3613, (0 7) 234 2067, alicia@esengsoon.com, Mr Lim Boon Hung
ESSENTIALS INTERNATIONAL (M) SDN BHD, (06) 986 3669, (06) 986 3176, shereen@elementsgrp.com, Ms Lye Lee Huey
ETH HOLDINGS SDN BHD, + 60 3 3134 1667| 3134 1662| 3134 1659, + 60 3 3134 1664, sharon.yeoh@eth.com.my, Mdm Lee Soh Hong
ETS VENTURE SDN BHD, NaN, NaN, jacksawet@gmail.com, Mr Jack Saw
EU LEAN TIMBER SDN BHD, + 60 4 485 1188, + 60 4 485 1199 | 2299, euleantimber@yahoo.com, Mr Lim Chin Lam
EURIHO INDUSTRIES SDN BHD, + 60 (03) 3134 2188, + 60 (03) 3134 3622, info@euriho.com, Mr Khor HT
EURIHO MARKETING SDN BHD, + 60 3 3134 2188, + 60 3 3134 3622, N. A., Mdm Ong
EURO ASIA TIMBER EXPORT SDN BHD, + 60 3 7661 1611, + 60 3 7661 1988, eatimberexport@gmail.com, Ms Grace Lim [H/P No: +60 (012) 280 6862]
EURO-CGA SDN BHD, + 60 3 7880 2191, + 60 3 7880 2671 / 7880 2672, info@costraco.com, Mr Henry Ng Kok Guan
EURO-TREND COMPONENTS (M) SDN BHD, + 60 (03) 9080 3667| 9080 4667, + 60 (03) 9080 2667, sales@eurotrendexport.com, Mr Rahman: [H/P No: +60 (012) 217 8804]
EVER FREIGHT LOGISTICS SDN BHD, (0 16) 666 8600, (0 3) 3318 6132, vincent@everfreight.com.my, Mr Tee Yang Wei
EVER PLANT WOOD MANUFACTURER SDN BHD, NaN, (05) 322 0781, epwood525374@gmail.com, Mr Yip Chee Weng
EVERDURE KILNING (M) SDN BHD, + 60 3 3291 5052| 3291 1889, + 60 3 3291 2088, everdurekilning@gmail.com, Dato' KP Ng [M.Director]
EVERGOLD TIMBER INDUSTRIES SDN BHD, (03) 8706 1250, (03) 8706 1133, evergoldtimber@outlook.com, Mr Koh Ching Man
EVERGREEN FIBREBOARD (JB) SDN BHD, + 60 (07) 387 4980, + 60 (07) 387 4995| 387 4978, salmah@ejb.com.my, Ms Salmah
EVERGREEN INDUSTRIES PRODUCTS SDN BHD, + 60 4 472 1657| 19 312 5761, + 60 4 472 1659| 470 6275, N. A., Mr CM Lim
EVERGREEN RICE MILL (M) SDN BHD, (0 4) 794 4228 / (0 4) 576 1604, (0 4) 794 4226 / (0 4) 576 1636, everg2005@yahoo.com, Mr Ooi Eng Hooi
EVERGREEN RUBBERWOOD PRODUCTS SDN BHD, (0 9) 975 1996, (0 9) 975 1636, evergreenrubberwood@yahoo.com, Mr Ng Yiam Khoon
EVERYDAY FURNITURE, + 60 3 6156 2675 / 6156 9479, + 60 3 6156 0529, everydayfurniture09@gmail.com, Mr Ng Kean Hoe
EXCLUSIVE LIVING FURNITURE INDUSTRIES SDN BHD, NaN, NaN, wilson@xclusiveliving.com, Mr Lim Kok Keong
EZ LUMBER (M) SDN BHD, + 60 3 7877 7686, + 60 3 7877 7818, ez@ezlumber.com.my, Mr Bernard Wang
FAROSSAKA SDN BHD, +60 (016) 696 5026, NaN, appolo1121@yahoo.com, Mr Varatharajalu
FELLA DESIGN SDN BHD, (0 3) 7846 5433, (0 3) 7846 5432, syofyan@fella.com.my, Mr Tan Ah Peng
FENGLIN LUMBER SDN BHD, + 60 9 515 8228, + 60 9 513 2328, fenglin2002@hotmail.com, Mr Ng Chun Jye: [H/P No: +60 (019) 757 679]
FENGLIN PALLET SDN BHD, (0 7) 467 8703, (0 7) 467 8703, fenglinpallet@hotmail.com, Mr Ng Woei Jye
FIRST TRIAL (M) SDN BHD, (0 3) 7845 7888, (0 3) 7845 3888, sctan@firsttrial.com, Mr Yeap Boay Soon
FLOOR DEPOT DISTRIBUTION SDN BHD, + 60 (0 3) 8062 8589, + 60 (0 3) 8062 8577, brydon@floordepot.com.my, Mr Chong Fok Seng
FLOORTECH ASIA PACIFIC SDN BHD, + 60 (03) 5161 5895| (012) 799 3884| (012) 799 388, + 60 (03) 5161 4144, salesadmin@rentakquantum.com, Ms Lim
FM TIMBER SDN BHD, (05) 752 0271, (05) 752 0267, fmtimber@hotmail.com, Mr Chong Fai Ming
FMK TIMBER INDUSTRIES SDN BHD, + 60 (016) 676 5838, + 60 (03) 6120 4698, liewcharles@yahoo.com, Mr Liew Kam Meng
FOO BEE NATURAL WOOD PRODUCTS SDN BHD, + 60 3 6157 5585| 6157 5478| 6157 8652| 6141 2809, + 60 3 6157 5603| 6157 8205, info@foobeeveneer.com.my, Mr Tan Kian Lee
FOREST AVENUE INTERNATIONAL SDN BHD, + 60 (03) 3122 7300, + 60 (03) 3122 6601, chooty@timber.com.my, Mr Choo Tuan Yong
FOREST QUALITY PRODUCTS SDN BHD, + 60 3 3325 5996| 3325 5997| 3325 5998, + 60 3 3323 1540, tfwsb99@yahoo.com, Mr Lim Kim Hong
FOREST SCHEME (S) SDN BHD, (0 84) 313 678 / 323 678 / 310 678, (0 84) 328 668, fscheme@gmail.com, Mr Wong Ing Huong
FORESTRY ASSETS SDN BHD, (0 3) 6419 0415, NaN, info@forestryassets.com.my, Mr Muhammad Ivarn
FORESTRY TECHNOLOGIES SDN BHD, (0 3) 6419 0415, (0 3) 6419 0416, info@forestryassets.com.my, Muhammad Ivarn
FORETASK RESOURCES SDN BHD, (086) 312 646, (086) 317 358, NaN, Mr Kiew Toh Sing
FUJIRANK SDN BHD, (0 89) 615 254, (0 89) 614 863, matowinsb@gmail.com, Mr Kiing Teck Ngie
FURNCREST SDN BHD, (06) 953 5055, NaN, info@furncrest.com, Mr Er Tzer Nam
FURNMAX GLOBAL SDN BHD, (06) 986 5535, (06) 986 5528, furnmax168@gmail.com, Mr Lau Hwa Choon
FUTUREWOOD PRODUCTS SDN BHD, + 60 (09) 566 7290, + 60 (09)   566 7290, futurewoodproducts@gmail.com, Mdm Cheam Chen Jee (Mrs Lee)
GAHARU TECHNOLOGIES SDN BHD, + 60 5 357 5999, + 60 5 357 5666, info@gaharu.com.my, Mr Nicklaus Ho Chu Wei
GAOSON SDN BHD, (09) 270 1669, (09) 270 1670, gaosonccc@gmail.com, Mr Chen Chiu Chin
GAYA SEMPURNA SDN BHD, (088) 723 043, (088) 718 793, kuanming43@gmail.com, Mr Chong Kuan Ming
GENTING EHSAN SDN BHD, + 60 3 6075 3188, + 60 3 6075 3177, gentingehsan@yahoo.com, Mr Gan Loong Ching (Director)
GENUINE CAPITAL TRADING, NaN, NaN, zaidiame@yahoo.com, Ms Illiyin Najihah Binti Zaidi
GERBANG MASYHUR PAPAN LAPIS SDN BHD, + 60 6 977 7113| 977 6936, + 60 6 977 6908, gerbang_masyhur@yahoo.com, Mr Tey Man Er
GILBERT HARDWOOD INDUSTRIES (M) SDN BHD, + 60 (04) 420 2771, + 60 (04) 420 2770, gilbertkho@yahoo.com, Mr Gilbert Kho
GL WAN ENTERPRISE SDN BHD, + 60 9 691 0889| 691 0888| 19 621 0489, + 60 9 691 0887, glwansb@gmail.com, Ms Wong Mei Fong
GLOBAL TIMBERMART DOTCOM SDN BHD, + 60 (03) 5636 5156, + 60 (03) 5621 0466, globaltimbermart@gmail.com, Mr Toh Seng Huat
GLOBAL WOOD PRODUCTS SDN BHD, + 60 (03) 3134 1990, + 60 (03) 3134 3239, agnes11_gwp@yahoo.com, Mr Chong Yok Chuan
GLOBUS PREMIUM SDN BHD, NaN, NaN, jeghan.nathan@gmail.com, Mr Jeghan Nathan
GLORYBIZ SDN BHD, + 60 6 976 2436, + 60 6 976 2807, gbchenwy@gmail.com, Mr Lee
GOLD WOOD ASIA SDN BHD, (0 3) 7880 1616, (0 3) 7887 9020, jason313@gmail.com, Mr Jason Ong
GOLDEN AERO WOODEN MANUFACTURING SDN BHD, + 60 (04) 594 3650, + 60 (04) 593 3650, goldenaerogroup@gmail.com, Mr Ooi Hao Eng
GOLDEN DRAGON CASKET MANUFACTURE SDN BHD, (0 4) 573 4743, (0 4) 573 4395, goldendragon0569@gmail.com, Mr Oi Kin Chan
GOLDEN LATITUDE SDN BHD, + 60 3 5121 1376, + 60 3 5121 2135, golden@glsb.com.my, Ms Grace Tam
GOLDEN STAR WOOD JAYA SDN BHD, + 60 3 2162 0696, + 60 3 2162 0698, gswood05@gmail.com, Mr George
GOLDEN WORLD METAL SDN BHD, (0 3) 9054 8138, (0 3) 9054 8138, executive.gwm@gmail.com, Mr Yeo Hock Cheong
GOWEALTH ENTERPRISE, NaN, (07) 705 0196, sky@woodenyou.com.my, Mr Wong Choon Ming
GQ LUMBER SDN BHD, + 60 13 928 8293| 19 981 0088, + 60 9 944 8133| 944 0472, 3@temp.com, Mr Ong Ah Kow
GRADGOLD SDN BHD, + 60 6 987 3493, + 60 6 987 5943, calvinwong@worldgate.com.my, Ms Cha Hui Luang
GRAND BANKS YACHTS SDN BHD, + 60 7 251 7488, + 60 7 251 7388, gbmy@grandbanks.com, En Zulkiflee Abdul Jalil
GRANDTRONIC SDN BHD, + 60 (06) 448 6307, + 60 (06) 448 6709, titranwood10@yahoo.com, Mr Sio Kah Yaw
GREAT VEGA WOOD SDN BHD, (0 6) 987 4949, (0 6) 987 4155, slhwood1155@hotmail.com, Mr Cha Au Peng
GREEN DRAGON WOOD PRODUCTS (M) SDN BHD, + 60 3 7885 0115, + 60 3 7885 0114, info@greendragon.com.my, Mr Danny Ng
GREEN HOPE WORLDWIDE SDN BHD, (0 3) 4023 2263, (0 3) 4023 2263, rohansteel@gmail.com, Mr Abhishek Shukla
GREENBERG FURNITURE SYSTEM (M)  SDN BHD, (0 3) 8723 5395, (0 3) 8723 5296, juliana_juliez@yahoo.com, Mr Manimaran Thanaperumal
GRV LOGISTICS (M) SDN BHD, + 60 3 3165 1712, + 60 3 3165 0989, guna@grvlogistics.com.my, Mr Gunasilen: [H/P No: +60 (016) 3532 414]
GUNUNG SERAYA SDN BHD, + 60 (03) 3134 2011, + 60 (03) 3134 2189, info@gunungseraya.com, Mr Chin Lee Yen
H & H TIMBER INDUSTRY SDN BHD, (0 7) 467 3800 / 467 1166, (0 7) 467 1800, hnhtimber@gmail.com, Mr Huang Chu Chiam
H. G. TIMBER MERCHANT SDN BHD, (09) 329 2328, (09) 329 2327, hgtimber99@yahoo.com, Mr Low Say Kiat
HANG TUAH SAWMILLS BHD, + 60 6 458 1760| 458 2921, + 60 6 458 1839, hangtuah2386@gmail.com, Mr Ng Peng Lim
HARVEST LUMBER SDN BHD, + 60 3 3165 2518, + 60 3 3168 1336, hvest99@gmail.com, Mr Low Son Heng
HCH TIMBER EXPORT (M) SDN BHD, NaN, (0 3) 3325 1579, nelson@appletoner.com.my, Mr Ng Ee Lim
HEENA RESOURCES SDN BHD, NaN, NaN, heenaresources@gmail.com, Mr Rafique Shaikh
HENG HUAT HUAT KILANG PAPAN SDN BHD, (09) 277 7668, (09) 277 7663, henghuathuat@hotmail.com, Mr Ong Meng Huat
HENG SENG TIMBER TRADING SDN BHD, (0 4) 484 2797, NaN, choongaw@gmail.com, Mr Choong Ong Hock
HENGDAMAS SAWMILL SDN BHD, (0 9) 260 9312 / (0 9) 260 9313, (0 9) 260 9311, sawmill716717@gmail.com, Dato Lim Siew Mei
HER SENG WOOD PRODUCTS SDN BHD, + 60 7 652 1810, + 60 7 652 1369, hersengwood@hotmail.com, Mr Chin Nam Fatt
HESEH WOOD SDN BHD, NaN, + 60 3 3392 2827, hesehwood@hotmail.com, Mr Foong Swee Min [H/P No: +60  (012) 280 7133]
HEVEABOARD BHD, + 60 (07) 948 4745| 948 4743, + 60 (07) 948 3390| 948 5192, info@heveaboard.com.my, Ms Liyen Yoong
HEVEAMART SDN BHD, + 60 (07) 948 4745| 948 4743, + 60 (07) 948 3390| 948 5192, info@heveaboard.com.my, Ms Liyen Yoong
HEXA VIANA SDN BHD, + 60 3 6277 6162, + 60 3 6277 7714, siewchuong@gmail.com, Mr Lau Siew Chuong
HFORCE INTERNATIONAL SDN BHD, +60 7 232 6231, +60 7 232 6231, hforce2u@yahoo.com, Mr Ho Teck Fook
HI-MAC RESOURCES SDN BHD, (086) 313 981, (086) 315 981, NaN, NaN
HILLS WOOD PROCESSING PLANT SDN BHD, + 60 3 3392 7190| 3392 6941| 3392 7701| 19 333 465, + 60 3 3392 6771, hillswoodpp@hotmail.com, Mr Simon Ong
HILLSIDE TIMBER SDN BHD, (03) 3324 7062, (03) 3324 7063, hillside.timber.sdn.bhd@gmail.com, Mr Lim Meng Choo
HNK TIMBER (SABAH) SDN BHD, (0 88) 249 933, (0 88) 249 889, hnksabah@outlook.com, Ms Ang Lay Wah
HO & L WOOD PRODUCTS TRADING SDN BHD, (0 9) 960 2880, (0 9) 960 2888, hoandl07@gmail.com, Mr Wong Ting Pong
HO BROTHERS WOOD PRODUCTS SDN BHD, + 60 9 960 2787, + 60 9 960 2788, tpwong12007@gmail.com, Mr Ho Choong Leong
HOCK CHUAH CHAN PRAYING ARTICLE CENTRE SDN BHD, + 60 4 397 7770, + 60 4 397 8111, hcc@hccgroup.com.my, Mr Beh W L
HOCK CHUAN ENTERPRISE SDN BHD, + 60 4 421 2180, + 60 4 422 2585, limtama@yahoo.co.jp, Dato' Lim Aik Khoon
HOCK ENERGY ENTERPRISE SDN BHD, + 60 4 422 6308, + 60 4 422 6657, N. A., Dato' Lim Aik Khoon
HOCK HWA HENG ENTERPRISE SDN BHD, + 60 4 421 3437, + 60 4 422 6657, hwke@pd.jaring.my, Dato' Lim Aik Khoon
HOCKEE EXPORT SDN BHD, + 60 3 3166 7855, + 60 3 3168 8355, hockeeazlin@gmail.com, Ms Azlin
HOE HUP TIMBER INDUSTRIES SDN BHD, NaN, + 60 4 421 8998, ngboonlai@hotmail.com, Mr Ng Boon Lai
HOK LAI TIMBER (M) SDN BHD, + 60 5 434 8888, + 60 5 434 4087, hoklai@hoklai.com.my, Mr Per Chin Poh
HOLMAWOOD SDN BHD, + 60 3 7803 0694| 7803 2562, + 60 3 7803 0705, holmawood@holmawood.com, Mr Steven Foong
HOMEGROWN CONCEPT SDN BHD, (03) 2201 1601, NaN, info@homegrownconcept.com, Mr Teh Eng Chong
HONG BAO INDUSTRIES SDN BHD, NaN, (0 3) 3319 0796, info.hongbao@gmail.com, Mr Vijayaraj Sundaraj
HONG MOH SAWMILL SDN BHD, + 60 9 277 3822, + 60 9 277 3988, hongmohsb@gmail.com, Mr Yap Ming Chuan
HONGJIN TIMBER TRADING SDN BHD, NaN, (0 9) 513 6966, hongjin6966@gmail.com, Mr Loo Lam Seng
HOONG YAP MANUFACTURER SDN BHD, + 60 3 6187 5990, + 60 3 6187 4990, tommy.chuah@hoongyap.com.my, Mr Tommy Chuah
HORIZON WOOD SDN BHD, (09) 912 5998, (09) 912 2791, horizonwood5998@yahoo.com, Mr Yap Yong Poh
HOUNG SHU SAWMILL SDN BHD, NaN, NaN, houngshu123@gmail.com, Ms Yu Siew Mee
HOW ENG ENTERPRISE SDN BHD, + 60 6 283 3882, + 60 6 281 9882, howengenterprise@yahoo.com, Mr Herrison
HUNG FATT TIMBER SDN BHD, NaN, NaN, hungfattacc@gmail.com, Mr Lee Kok Thin
HUP LIK TIMBER TRADING, NaN, (0 3) 6186 6289, kianterry0601@gmail.com, Mr Yap Puew Kian
I.K. PANEL (M) SDN BHD, + 60 4 593 6361, + 60 4 593 6411, info@ikpanel.com, Ms Felicia Khor [H/P No: +60 (012) 944 9599]
IDEALWOOD RESOURCES SDN BHD, NaN, NaN, idealwoodresources@gmail.com, Mr Alan Lim
IMASKAYU DOOR EXPORT (M) SDN BHD, + 60 4 507 4520, + 60 4 507 2725, chong@maskayu.com, Mr Chong Wee Hiah
IMBANG TROPIKAL SDN BHD, (0 9) 278 4668 / 278 3168 / 277 8868, (0 9) 277 9168, imbangtropikal@gmail.com, Mr Loo Ping Chuan
IMPACT TIMBER (M) SDN BHD, NaN, NaN, impact.timber.my@gmail.com, Mr Chew Boon Su
INDAH WOOD PRODUCTS SDN BHD, + 60 3 7880 2191, + 60 3 7880 2671| 7880 2672, info@costraco.com, Mr Leong Voon Chong
INFINITE POINT SDN BHD, + 60 5 281 5998, + 60 5 281 6998, ipfhew@gmail.com, Mr Tai Yoew Boon
INOVAR INDUSTRIES SDN BHD, + 60 3 3271 7499, + 60 3 3271 7491, enquiry@inovarfloor.com, Ms Yow Shan Chi
INSHENG WOOD INDUSTRIES SDN BHD, + 60 4 484 3634| 484 3636, + 60 4 484 3635, N. A., Mr Chu Swooi Tai
INSPIRATION FURNITURE SDN BHD, (0 88) 210 789, (0 88) 213 479, jcqln.wong2@gmail.com, Ms Wong Yien Ling
INSTYLE SOFA SDN BHD, + 60 6 972 8820, + 60 6 972 7514, ken.wong@instylesofa.com.my, Mr Ken Wong
INTER TRANS WOOD TRADING SDN BHD, + 60 (0 3) 3325 9788, + 60 (0 3) 3325 9788, anil@ittigroup.co, Mr Anil Kumar
INTERCOMPO SDN BHD, + 60 (03) 3149 4761, + 60 (03) 3149 4766, inquiry@interpanel.com.my, Mr Tan Aik Lam
INTERPANEL SDN BHD, + 60 3 3149 4761| 3149 4762| 3149 4763| 3149 4764, + 60 3 3149 4766, davi@interpanel.com.my, Mr Tan Aik Lam
IPOH LUMBER PRODUCTS SDN BHD, + 60 5 282 3112| 282 3127| 282 3128, + 60 5 282 2906, N. A., Mdm Loh Siew Lin
JAB GLOBAL (M) SDN BHD, (0 3) 3341 0611, (0 3) 3341 0611, jabglobalmalaysia@gmail.com, Mr Maria John Maria Antony
JAMASIN CORPORATION SDN BHD, + 60 9 516 3887 (HUNTING LINE), + 60 9 517 1887, jamasincorp@hotmail.com, Mr Goh See Oon
JASA TMD SDN BHD, + 60 12 987 7166, + 60 9 560 5612, tmd_ent@yahoo.com, Mr Chu Kok Eng
JATAT FURNITURE INDUSTRIES SDN BHD, + 60 7 599 5028, + 60 7 599 5067, ss.wong@kodaltd.com, Ms Lai Lai Mun
JAWALA CORPORATION SDN BHD, + 60 3 2141 9700, + 60 3 2142 7396, jawalacorp@jawala.com.my, Mr Anwar Khan
JAWALA PLANTATION INDUSTRIES SDN BHD, (03) 2141 9700, (03) 2142 7396, jawalacorp@jawala.com.my, Mr Anwar Khan
JAYALANKA ENTERPRISE, + 60 3 4042 1896| 12 278 7991, + 60 3 4041 9878, ejayalanka@yahoo.com, Mr Mohd Rafezi
JAYATIM EXPORT SDN BHD, + 60 3 3372 5635, + 60 3 3372 0990, jayatim333@hotmail.com, Mr Tong Foo Sing [H/P No: +60 (012) 2735 031]
JAYOUN BIOMASS SDN BHD, NaN, (03) 3191 7618, jayounbio@gmail.com, Mr Choi Hyung Hwan
JE ASIA LINK SDN BHD, (0 9) 277 0575 / 270 1016, (0 9) 270 1018, jeasialink@gmail.com, Mr Kenneth Chang
JELAPANG MAJU SDN BHD, (03) 4278 4233, NaN, shaiful@jelapangmaju.com, Encik Syed Muhammad Imran
JIA YUAN TRADING SDN BHD, + 60 (017) 755 5199, + 60 (06) 987 5943, calvinwong@worldgate.com.my, Mr Calvin Wong
JIAN GIAN INDUSTRIES (M) SDN BHD, (0 6) 986 7322, (0 6) 986 8332, account@timberartdesign.com, Mr Toh Chin Loy
JIMWOOD SDN BHD, + 60 3 7980 0195| 7980 0197| 7980 1309 (HUNTING LI, + 60 3 7980 1275, jimwoodsb@gmail.com, Mr Jack Nguik Suong Nik
JLJ TIMBER SDN BHD, (0 84) 313 678, (0 84) 328 668, fscheme@gmail.com, Mr Wong Ing Huong
JM ECO GLOBAL SDN BHD, (0 3) 2615 7905, (0 3) 2615 2699, jmecoglobal@gmail.com, Mr Kanyan Ak Puso
JOBESON INDUSTRIES SDN BHD, NaN, NaN, jobesonindustries@gmail.com, Ms Teo Yee Ching
JOINS GROW SDN BHD, (03) 4143 4126, (03) 4143 3126, lee9777@gmail.com, Mr Lee Chee Kai
JOLEX WOOD SDN BHD, + 60 7 862 4414, + 60 7 862 4421, jolexwood@gmail.com, Mr Brian Lim Ching Yean
JQ TIMBER SDN BHD, (0 88) 245 350 / 248 217, (0 88) 264 836, NaN, Mr Kiu Chiong Ong
JTL EXPORT SDN BHD, + 60 9 568 8855 (3 LINES), + 60 9 568 8858, N. A., Mr Teo Yin Loon
JV TEGUH SDN BHD, (088) 490 197 / 495 866, (088) 495 439, mikelcs66@hotmail.com, Mr Lee Chin Sin
K & L SUMBER SEJATI ENTERPRISE, NaN, (06) 467 6097, NaN, Mr Kyu Hock Seong
K. T. S. SDN BHD, + 60 3 8942 3113, + 60 3 8948 2581, ktskltd@streamyx.com, Mr Phong Yoke Hsing
K.B. TIMBER INDUSTRIES SDN BHD, + 60 (03) 6250 1116, NaN, moseschan314@gmail.com, Ms Loke Kwai Kiu
KA SOLUTION SDN BHD, (012) 291 2000, (03) 3324 0252, NaN, Mr Olzan Wan
KADJADI SDN BHD, + 60 89 674 189| 675 189, + 60 89 674 899, kadjadi@streamyx.com, Mr Lim Swee Kian
KALIMAN TIMBER CORPORATION SDN BHD, (0 82) 266 681 / 266 682, (0 82) 266 683, kalimantimbercorp@yahoo.com, Mr KK Toh
KARIMOKU (M) SDN BHD, + 60 6 351 2301, + 60 6 351 4668, tnggot@karimuko.com.my, Mr Lim See Huat
KAYUPRIMA SDN BHD, + 60 3 3290 6211| 3290 6212| 3290 6180, + 60 3 3290 6213, kayuprima@gmail.com, Mr Chris Tan [H/P No: +60 (012) 2072 883]
KB JAYA AGARWOOD SDN BHD, (03) 2110 5512, NaN, kbjaya.agarwood@hotmail.com, Mr Koh Kim Leong
KD CORPORATE (M) SDN BHD, + 60 6 953 1133, + 60 6 953 2255, niza@kd.com.my, Mr Lim Yen Teck
KECHAU MOULDING INDUSTRIES SDN BHD, + 60 (09) 329 1086, + 60 (09) 329 1199| 329 1582, N. A., Mr Leo Choon Chong
KEKUDA TRADING ASSOCIATES SDN BHD, (07) 351 0150, (07) 351 0150, acc.kekuda@outlook.com, Ms Parminder Kaur
KEN PANEL SYSTEM SDN BHD, + 60 3 9011 9092, + 60 3 9019 7870, kenpanel@gmail.com, NaN
KFG PLYWOOD TRADING SDN BHD, + 60 (06) 454 7876, + 60 (06) 454 7678, kfgply@yahoo.com.my, Mr Lim Beng Soong
KGR GREENWOOD (M) SDN BHD, + 60 3 6065 27, + 60 3 6065 14, kgrgreenwood@yahoo.com, Mr Roy Chong [H/P No: +60 (019) 930 6553]
KH SAWMILL SDN BHD, + 60 9 278 2200, + 60 9 278 3300, sawmill@khgroup.com.my, Mr Henry Hoo: [H/P No: +60  (016)986 1666]
KHENG MOH SAWMILL SDN BHD, + 60 4 573 4399, + 60 4 573 4399, N. A., Mr Ng Ah Kau
KHIAN JOE TIMBER ENTERPRISE, + 60 (03) 3134 3717 / 3134 3718 / 3134 1166, + 60 (03) 3134 3719, chon2199@yahoo.com, Mr Ong Tooi Hean
KIAN SENG TIMBER SDN BHD, + 60 (09) 668 0076, + 60 (09) 668 0663, NaN, Mr Chai Kuan Yew
KIAN SOON HOLDINGS SDN BHD, (0 9) 278 1011, (0 9) 278 1101, kiansoonholdings69@gmail.com, Mr Low Thiam Chuan
KIHUAT TIMBER (M) SDN BHD, + 60 (09) 232 0268, + 60 (018) 342 0268, kihuatsb@gmail.com, Joanne Wong
KILANG KAYU GETAH & PERABUT SDN BHD, + 60 6 448 6100| 448 6199, + 60 6 448 6330, N. A., Mr Hun Chook Tin
KILANG PAPAN CHOP YEAP YUEN KEE SDN BHD, + 60 5 357 1184, + 60 5 357 2129, kpcyyk@gmail.com, Mr Yip Foo Weng
KILANG PAPAN DATUK WAN AHMAD (RAUB) SDN BHD, + 60 9 369 7998| 369 7993| 369 7616, + 60 9 369 7988, sytwood@yahoo.com, Mr Peter Shim: [H/P No: +60 (019) 9180 015]
KILANG PAPAN GALAS SETIA (M) SDN BHD, + 60 9 912 1342| 912 3799| 912 2199| 912 3333, + 60 9 912 1037, galassetia@hotmail.com, Datok Lock  [H/P No: +60 (019) 656 1333|(019) 627 1333]
KILANG PAPAN HOCK SENG TECK SDN BHD, + 60 7 797 0107| 797 0108, + 60 7 797 0109, N. A., Mr Tee JG
KILANG PAPAN LAPIS SOON LEE SDN BHD, (04) 759 7988, (04) 759 0175, kpsoonlee@gmail.com, Ms Ooi Chin Lee
KILANG PAPAN LEE WOO SDN BHD, NaN, (0 9) 546 9808, askwilsonwong@gmail.com, Mr Wong Kong Yong
KILANG PAPAN MARAN SIN HIN SDN BHD, + 60 9 277 1233 / 277 6233, + 60 9 277 5166, kilangpapanmaransinhin@yahoo.com.my, Datuk Yap Yee Chong
KILANG PAPAN SALAMAH SDN BHD, + 60 5 757 7201| 757 8202| 757 8203| 16 558 0695, + 60 5 757 8204, david_kps@yahoo.com, Ms Tan
KILANG PAPAN SAM LIM SDN BHD, + 60 6 498 5490, + 60 6 492 0593, kpsamlim@gmail.com, Mr Curt Lai [H/P No: +60 (012) 616 1765]
KILANG PAPAN SELAMAT SENTOSA (K/P) SDN BHD, + 60 3 7729 3036, + 60 3 7727 2459, honggiapsentosa@gmail.com, Mr Soh Kam Eng
KILANG PAPAN SEONG ENG SDN BHD, + 60 4 573 7142, + 60 4 573 7141 / 572 7718, kpseong_eng@hotmail.com, Mr Tan Chong Hee
KILANG PAPAN SOON LEE SDN BHD, (04) 759 6980, (04) 759 0175, ooichin_lee@yahoo.com, Ms Ooi Chin Lee
KILANG PAPAN SRI MADIK SDN BHD, + 60 7 788 1205, + 60 7 788 1868, N. A., Mr Wong Hock My
KILANG PAPAN THONG MEE CHING KEE SDN BHD, (0 5) 254 5088, (0 5) 253 2326, tmckmgt@gmail.com, Ms Chang
KILANG PAPAN WING WOH SDN BHD, + 60 4 477 8271, + 60 4 477 0906, wingwohsb@gmail.com, Mr Lam Lee Kom (PJK)
KINGDOM WOOD SDN BHD, (0 9) 239 9358, (0 9) 239 9902, kingdomwoodsdnbhd@yahoo.com, Mr Thong Chee How
KINWOOD DESIGN SDN BHD, + 60 (03) 8962 1478, + 60 (03) 8962 6696, kinwood6103@gmail.com, Mr Lee Kum Hing
KINWOOD LIVING CONCEPT SDN BHD, (0 3) 8726 0910, (0 3) 8726 0980, kinwoodlivin@gmail.com, Mr Kiew Boon How
KIT LING YAKIN ENTERPRISE SDN BHD, + 60 9 355 3340, + 60 9 355 6986, N.A, Mr Choo Kit Ling [H/P No: +60 (019) 988 8935]
KJH MANUFACTURING SDN BHD, (0 7) 428 0055, (0 7) 428 9989, kjhwoodacc@gmail.com, Mr Tay Poh Choo
KOMILL CORPORATION SDN BHD, + 60 3 2300 0311, + 60 3 2300 1910, export@komill.com.my, En Hussain B Abd Manap
KONG JOO TIMUR SDN BHD, + 60 (012) 527 6789, + 60 (09) 977 8888, kjtimurinfo@gmail.com, Mr Loh Wooi Keat
KONG MIN TIMBER ENTERPRISE, (0 9) 946 2737, (0 9) 946 2737, kongmintimber@hotmail.com, Mr Chin Kong Min
KPP CAPITAL SDN BHD, (0 7) 244 7300, NaN, jlau@kppcapital.my, Mr Lau Woon Pin
KPS WOOD SDN BHD, (0 3) 3341 3182, (0 3) 3341 3182, kpswood@hotmail.com, Ms Tee Soo Leing
KS FUTURE SDN BHD, (0 9) 279 8836, (0 9) 277 0103, ksfuture_gst@yahoo.com, Mr Lim Yu Hing
KS JAYA TIMBER SDN BHD, (0 9) 966 9603, (0 9) 960 9603, ksjaya9603@yahoo.com, Mr Chin Lee Sian
KSK SAWMILL SDN BHD, + 60 (09) 945 0259, + 60 (09) 944 0118, ksksawmill@yahoo.com, Liew Ee Heong
KSK TIMBER TRADING SDN BHD, (03) 6038 6297, (03) 6038 2297, ksktimber2006@gmail.com, Mr Lee Keh Seng
KTS HENG SDN BHD, + 60 (03) 33221269, NaN, ktshengenterprise@yahoo., NaN
KWONG FOOK SENG ENTERPRISE SDN BHD, (03) 6186 9699, (03) 6186 7325, kwong_fook_lian8@hotmail.com, Mr Lee Soo Ming
L & H BAKAU SDN BHD, (0 7) 432 7905, (0 7) 432 7148, lh_bakau@yahoo.com.my, Mr Kua Kee Leong
LAND WOOD STAR RESOURCES, NaN, NaN, landwoodstar@gmail.com, Ms Lim Hui Sean
LANJUT EDARAN SDN BHD, + 60 (0 9) 680 1828 / 680 1830, + 60 (0 9) 680 1827, lanjutedaran@gmail.com, Mr Yeo Kim Team
LAW TIMBER MARKETING SDN BHD, + 60 7 663 2454| 12 771 1161, + 60 7 662 3489, law_weiping@yahoo.com, Mr Lau Wei Siong
LB TIMBER INDUSTRIES SDN BHD, + 60 7 415 1132, + 60 7 415 1133, calvinatak@hotmail.com, Mr Lim Kuai Seng
LE’WINDE (KUANTAN) SDN BHD, + 60 9 517 7677| 517 7510, + 60 9 517 7348| 513 2848, kmnktn@tm.net.my, Mr Gerry Lim
LEAF TIMBER TRADE SDN BHD, (0 3) 3163 0046, (0 3) 3163 0061, leaf.timber.trade@gmail.com, Mr Gunasilen A/L Krisnanmurty
LEE WAH SAWMILL SDN BHD, + 60 7 948 1001| 948 1248| 948 4387, + 60 7 948 1002, lwwood@pd.jaring.my, Mr Justin Chong
LENDECOR KONZEPT (JB) SDN BHD, NaN, NaN, lendecorkonzept.jb@yahoo.com, Mr Lee Kent Tat
LENDECOR PANEL SDN BHD, + 60 (06) 767 3668| 761 8668| 763 2668, + 60 (06) 761 7668, ypchew@lendecor.com.my, Ms Chew Yen Ping
LEONG KUO WOOD INDUSTRIES (M) SDN BHD, + 60 6 981 5125, + 60 6 981 5129, leongkuo@streamyx.com, Mr Chen YC
LESING CUSHION SDN BHD, (0 6) 985 7646, (0 6) 985 0948, ivy@lesing.com, Ms Yau Lay Kern
LEVO INTERIOR DESIGN SDN BHD, (03) 8081 0136, (03) 8081 4361, ivy@levo.com.my, Ms Lim Ivy
LH MUN TIMBER SDN BHD, (0 3) 3324 7062, (0 3) 3324 7003, tshong1231@gmail.com, Mr Teoh Siow Meng
LIAN CHEONG SAWMILL CO. SDN BHD, + 60 7 772 5822| 772 2242| 772 1076, + 60 7 772 2878, N. A., Mr Khoo Chee Kian
LIAN HIN JAYA SDN BHD, (09) 279 8836, (09) 277 0103, lianhinjayasb@gmail.com, Mr Lim Yu Hing
LIAN TATT TRADING SDN BHD, + 60 3 8766 7316, + 60 3 8766 8251, liantatt@hotmail.com, Mr Lee Hock Leng
LIANG HUAT SAWMILL SDN BHD, (0 6) 525 1325 / 525 1326, (0 6) 525 1263, lhsawmill@gmail.com, Mr Ngwe Lai
LIONEX (M) SDN BHD, + 60 3 4043 8869, + 60 3 4043 8857, info@lionex.biz, Jeroen Knol: [H/P No: +60 (012) 606 6951]
LIONVEST TIMBER INDUSTRIES SDN BHD, + 60 9 466 4111| 466 4888, + 60 9 466 4220, N. A., Mr Tan Kim Kee
LIT TAT LUMBER SDN BHD, + 60 9 2783 788, + 60 9 2777 810, littatgroup@yahoo.com, Dato'Wong tat Chee
LLH TIMBER, (03) 3163 0423, (03) 3163 0423, llhtimber@yahoo.com, Mr Harry
LOFT FURNITURE SDN BHD, + 60 3 5612 6616, NaN, gracekoh@loftfurniture.com.my, Ms Grace
LOTUS GOLDTREE SDN BHD, NaN, (09) 513 1923, Lotusgold48@gmail.com, Ms Chan Poh Yoke
LOTUS REGION SDN BHD, (089) 756 399, (089) 750 399, Lotus_region@yahoo.com.my, Mr Aris Bin Saleh
LS JAYA TIMBER SDN BHD, (0 9) 975 2488, (0 9) 975 2852, lsjayatimber@gmail.com, Mr Chin Lee Sian
LUCKY THREE TRADING SDN BHD, + 60 (09) 955 2798, + 60 (09) 955 7398, lucky_ahteck@yahoo.com, Mr Liau Soon Teck
LVC ECOPACK SDN BHD, (07) 358 8460, (07) 358 8461, khoo@lvc-ecopack.com, Mr Lee Siong Boon
LY WOODS SDN BHD, (0 3) 3259 2133, (0 3) 3259 2155, ly_woods@yahoo.co.uk, Mr Yew Hock Leong
MA HUP SENG ENGINEERING SDN BHD, (0 3) 6038 1733 / 6038 1732 / 6038 1730, + 60 3 6038 1662, hq@mahupseng.com.my, Mr Ma Peir Feng
MACRO AIM SDN BHD, + 60 16 810 7776| 19 810 5669, + 60 3 7971 6277, macroaim02@yahoo.com, Mr Lam Mew Ching
MACROSON RESOURCES SDN BHD, (0 3) 3326 7810 / 3326 7820, (0 3) 3326 7813, admin@macroson-mail.com, Mr Lee Guan Kiat
MAJOR OVERSEAS TIMBER TRADING SDN BHD, + 60 19 954 5225, + 60 9 788 9330, majoroversea.my@outlook.com, Mr Tan Guan Huat
MAJUKAYU SDN BHD, + 60 5 791 4771, + 60 5 791 4339, majukayugerik@gmail.com, Ms Nor Wahida Bt Aninudin
MALAYSIAN FOREST INDUSTRIES SDN BHD, + 60 7 925 1611, + 60 7 925 1612, N.A, Ms Seong Pick Yeng (013-7463808)
MALPOM INDUSTRIES BERHAD, (0 4) 582 4001, (0 4) 582 5900, malpom3609@gmail.com, Mr Teoh Weng Chye
MAMMOET ROMSTAR SDN BHD, (0 7) 253 8000, (0 7) 253 8090, NaN, Mr Shawn Lim
MARI AGENCIES SDN BHD, (0 9) 795 0923, (0 9) 795 0979, spphang2@yahoo.com, Mr Phang Siew Phang
MARIWOOD SDN BHD, NaN, NaN, mariwood_sb@outlook.com, Mr Lim Yong Heng
MARKAS MAJU SDN BHD, (0 5) 255 5868, (0 5) 255 5848, king.tmck@gmail.com, Y Bhg Dato' Chung King Tong
MASCOT IMPEX SDN BHD, +60 (03) 7865 1340, + 60 (03) 7865 1340, mascotimpex333@gmail.com, En Muhamad Bazil Bin Badrul Jamil
MATAK (M) SDN BHD, + 60 (07) 251 4985, + 60 (07) 251 4984, matakjb@streamyx.com, Ms Ho Wen Yen
MATOWIN SDN BHD, (0 89) 615 254, (0 89) 614 863, matowinsb@gmail.com, Mr Kiing Teck Ngie
MATURE AGARWOOD CAPITAL SDN BHD, (0 3) 7831 2319, NaN, ytk@ruralasset.com, Mr Yeo Tien kiong
MAX WAY ENTERPRISE SDN BHD, + 60 3 8066 4928, + 60 3 8066 9783, maxway2010@hotmail.com, Mr Foo Chin Kiew [H/P No: +60 (019) 227 4877]
MAXI DRAGON SDN BHD, + 60 3 3324 2121, + 60 3 3323 0007, rstimber@rsgroup.com.my, Mr R. Nagaradran
MAXWELL WOOD SDN BHD, + 60 3 9222 0048, + 60 3 9222 3880, ltt@maxwellwoodsb.com, Ms Tan Lih Tuan
MAY EXPORTS (MALAYSIA) SDN BHD, (03) 2078 1173, (03) 2022 1786, admin2@ekprima.my, Ms Hasnim Bt Mos
MAYTECK KILANG KAYU & PERABUT SDN BHD, + 60 6 972 7651| 972 7888, + 60 6 972 8012, mtkkpsb@gmail.com, Mr Tok Soon Hing
MEDAN AGRESIF SDN BHD, + 60 9 912 2609, + 60 9 912 2608, NaN, Mr Tee Lam Kock
MEDIAREX SDN BHD, (03) 3290 3685, (03) 3291 2043, sharon@joenjoen.com, Mr Yeow Hur Chai
MEGA GLOBAL INDUSTRIES (M) SDN BHD, (0 9) 278 3617, (0 9) 278 3704, megaglobalindustries@gmail.com, Mr Gajandran A/L Vathumalai
MEGA GLOBAL MARKETING, + 60 (019) 983 6113, + 60 (09) 277 2671, megaglobalmarket@gmail.com, Mr Gajandran
MEGA GOLD CONTRACTS SDN BHD, NaN, (03) 3885 4433, megagoldcontracts@gmail.com, Mr Kong Kek Eng
MEGA SURPLUS SDN BHD, NaN, NaN, mega_surplus@yahoo.com, Mr Tan Kong Wee
MENTAKAB SAWMILL SDN BHD, + 60 9 277 1640| 277 1967, + 60 9 277 5379| 277 0809, mentakabsawmill@gmail.com, Mr Lim Ah Hung
MENTOR WOOD SDN BHD, (09) 270 1088, (09) 277 2615, lilyyong@foremosthorizon.com, Mr Lau Boon Seong
MERCHANTS GATEWAY SDN BHD, (0 3) 3348 8369, (0 3) 3348 8269, csv@mmerchants.com, Mr Low Kok How
MERU ASIA RESOURCES SDN BHD, (0 3) 8075 3681, (0 3) 8075 3682, meru.asia.my@gmail.com, Mr Har Choong Huat
MG7 TIMBER TRADING SDN BHD, (0 7) 382 3778, (0 7) 382 1889, smpmer@gmail.com, Ms Li Man Ning
MGN GROUP SDN BHD, (0 3) 7972 2666, (0 3) 7972 3666, nathan.g@mgngroups.com, Mr Gopinathan
MHR CONCEPT SDN BHD, (03) 5891 1077, (03) 5885 4977, mhrconcept@hotmail.com, Mr Wong Chun Wah
MIDDLE EAST LINKS (M) SDN BHD, + 60 3 2110 6617, + 60 3 2110 6617, areej@aloudh.com, Mr Abdel Nabi Satti Ali [H/P No: +60 (019) 649 0617]
MINE WAREHOUSE SERVICES SDN BHD, (0 3) 3345 2788, (0 3) 3348 7588, pkg.acc@minelog.com.my, Mr Ng Kian Wei
MING ENTERPRISES, (0 3) 7874 6750, (0 3) 7874 9561, mingenterprises@gmail.com, Mr Lee Tee Ming
MINI WOOD PRODUCTS (JOHORE) SDN BHD, + 60 (07) 883 7715, + 60 (07) 883 2803, mini-wood@hotmail.com, Dato Tan Yu Kung
MIYAO-TOKI (M) SDN BHD, (0 4) 489 2193 / 489 2433, (0 4) 489 1143 / 489 1435, roaini@miyaotoki.com, Mr Yasushi Takamori
MKH FURNITURE DESIGN SDN BHD, NaN, (0 6) 986 9287, mkhdesign5117@hotmail.com, Mr Quek Ser Hien
MM TIMBER PRODUCTS SDN BHD, + 60 3 3324 2888, + 60 3 3324 2880, nancy@mm-group.com.my, Ms Nancy Ch'ng
MO-TECH TIMBER TRADING SDN BHD, (0 6) 454 3982, (0 6) 454 3982, motech.timbertrading@gmail.com, Mr Lee Yew Hin
MODERN TIMBER PRODUCTS SDN BHD, + 60 7 467 5319| 467 5315, + 60 7 467 5633, mtp@moderntimber88.com.my, Mr Lee Beng Chuan
MOHLIM WOOD INDUSTRIES SDN BHD, + 60 (07) 652 1827, + 60 (07) 652 1134, mohlimwood@gmail.com, Mr Ho Ming Hsiou
MOMENTUM DESIGN SOLUTION SDN BHD, (03) 8958 5330, (03) 8958 5330, momentumds88@gmail.com, Ms Lai Sook Yee
MSK TIMBER SDN BHD, + 60 4 502 5205, + 60 4 508 5798, msktimbersb@gmail.com, Ms Tan Ah Hoo
MSK TIMBER TRADING & SDN BHD, (0 4) 508 5798, (0 4) 508 5798, msktimbertrgsb@gmail.com, Ms Tan Ah Hoo
MSSS MARKETING & TRADING SDN BHD, NaN, (0 7) 331 5636, yuki80595@gmail.com, Mr Tan Pick Chai
MTME POINT SDN BHD, + 60 3 6257 4157, + 60 3 6257 4162, moonkar@gmail.com, Mr Chen Moon Kar [H/P No: +60 (012) 517 2575]
MULTEC ENTERPRISE SDN BHD, (0 3) 8723 2233 / 8723 1122, (0 3) 8723 2211, wwp@woodlandor.com.my, Ms Jackie Mun
MW DECOR CENTRE SDN BHD, + 60 (07) 656 1031, + 60 (07) 656 1032, mwdecor@gmail.com, Mr Koo Chin Min [H/P No: +60 (019) 779 3567]
MY RAINTREE SDN BHD, (0 3) 8741 6148 / 8741 3148, NaN, myraintree88@gmail.com, Ms Elaine Chia
MYS TIMBER SDN BHD, + 60 9 631 1517, + 60 9 631 1518, mystimber@yahoo.com.my, Mr Tan Tek Yan
N D FURNITURE SDN BHD, NaN, (0 3) 8724 3848, ndfur18@gmail.com, Mr Ler Thiam Huat
N. J. INTERNATIONAL SDN BHD, NaN, + 60 3 5633 8611, naveenj79@yahoo.com, Mr Naveen Anthony Jatawardena [H/P No: +60 (012) 635 5872]
N.S. LANDMARK (M) SDN BHD, (019) 667 5772, NaN, NaN, Mr Sree Renganathan
NAKHODA LOGISTICS SDN BHD, (03) 3165 2718, (03) 3165 7746, hatika@nakhoda.com.my, Mr How Peng Cheong @ Low Peng Cheong
NAM CHUAN HUAT TRADING, (06) 556 3691, (06) 556 3691, cbgoh63@hotmail.com, Mr Goh Chee Beng
NAM LEONG TIMBER TRADING, (0 7) 773 3326, (0 7) 773 7415, namleongtimber@gmail.com, Mr Liau Chong Wa
NAM SENG KENG LIP SDN BHD, + 60 4 890 3697| 890 5222, + 60 4 899 3698, nam_seng@tm.net.my, Mr Ng Keng Lip
NATUNA VENTURE (S) SDN BHD, (0 86) 318 322, (0 86) 318 321, euhea7@gmail.com, Mr Chieng Eu Hea
NER BIO SDN BHD, (019) 266 3785, NaN, godisluv0514@yahoo.co.kr, Mr Mohd Amin Bin Mohd Zin
NETWOOD RESOURCES SDN BHD, + 60 3 7885 0115, + 60 3 7885 0114, info@netwood.com.my, Mr Danny Ng
NEW CHANG HUA SDN BHD, NaN, NaN, newchanghua@gmail.com, Ms Yvonne Chong
NEXUS TIMBER SDN BHD, NaN, NaN, info.nexustimber@gmail.com, Mr Yong Sau Lee
NG AH KEK SAWMILL SDN BHD, + 60 9 260 2321| 260 2323, + 60 9 260 2320, ngahkek@yahoo.com.my, Mr Han Meng Wah
NG TEONG KIAT SAWMILL (TRIANG) SDN BHD, + 60 9 266 1788, + 60 9 266 4553, ntksawmill@gmail.com, Y Bhg Dato' Amie Lim Siew Mei
NGARE SAMDOP LHACHAP LING SDN BHD, NaN, (06) 792 1687, nsll.sdn.bhd@gmail.com, Mr Eric Hiew Kim Song
NGOI TIMBER SDN BHD, (0 9) 795 1188, (0 9) 795 1182, pook5986@yahoo.com, Mr Pook Wei Tsaag
NICE EPITOME SDN BHD, + 60 (09) 795 0050, + 60 (09) 795 0336, tankokwei7878@gmail.com, Tan Kok Wei
NICEYEAR SYSTEM SDN BHD, + 60 (06) 981 2651, + 60 (06) 981 2895, eileen383@gmail.com, Ms Chua Siew Khon: [H/P No: +60  (017) 666 7689]
NILAM MAKMUR SDN BHD, (04) 922 960, (04) 922 1450, angelyn@nilammakmur.com.my, Ms Lim Ah Moy
NINETY S FURNITURE SDN BHD, (0 6) 985 8112, (0 6) 985 8112, dyven@90sfurniture.com, Mr Dyven Si Dee Voon
NINO (M) SDN BHD, (03) 7832 7515, (03) 7832 7516, noor@nino.my, Mr Cheong Mai Keng
NK WOODS SDN BHD, NaN, NaN, nkwoods966@gmail.com, Mr Mazni Bin Saad
O M QUALITY SDN BHD, (09) 961 2822 / 961 2823, (09) 961 2822, omqualitysdnbhd@gmail.com, Mr Steven Yap
ONE TEAM TIMBER SDN BHD, (0 9) 975 8667, (0 9) 975 8667, oneteamtimber.chung@gmail.com, Mr Chow Wei Vern
OPSEWOOD TROPICAL SDN BHD, (0 3) 7845 9117, (0 3) 7845 9917, opsewood@gmail.com, Mr Lee Gim Hee
OSBWOOD SDN BHD, NaN, NaN, osbwking@gmail.com, Ms Low Siang King @ Low Cheng Kiang
OUD LINE SDN BHD, + 60 3 2145 5077, + 60 3 2145 4077, a_kamalc@hotmail.com, Mr Ahmed Kamal Chowdhury [H/P No: +60 (016) 603 8387]
OVERSEA TIMBER SUPPLIES SDN BHD, + 60 3 7729 3218| 7729 3129| 7729 3400, + 60 3 7727 2250, ots333@tm.net.my, Mr Ong Tuck Seng
P. I. F. SDN BHD, + 60 3 9285 6415 (3 LINES), + 60 3 9282 3725, pifhwojs@outlook.com, Mr Benjamin Chong
PADANG MEHA SAWMILL (KEDAH) SDN BHD, (0 4) 485 1188, (0 4) 485 1199, p.mehasawmill@gmail.com, Mr Lim Chin Lam
PAHANG LIAN HUAT SDN BHD, (0 9) 277 8800, (0 9) 277 6060, plhsb1@gmail.com, Mr Edison
PALM WOOD TIMBER SDN BHD, + 60 3 8945 2023, + 60 3 8945 4028, gbpalm@yahoo.com, Mr William Wong
PAN EURO PRODUCTS SDN BHD, + 60 9 549  9271| 513 1218, + 60 9 549 9271| 516 4948, chin_yew@yahoo.com, Mr Loo Chin Yew
PAN RESOURCES SDN BHD, + 60 3 7492 2220, + 60 3 7492 2223, panresources@gmail.com, Ms Christy Wong
PANWATER ENGINEERING SDN BHD, (03) 6157 9399, (03) 6157 0399, clwan@panwater.com, Ms Wan Chen Looi
PARAMOUNT LUMBER SDN BHD, NaN, (0 88) 245 293, paramountmill@yahoo.com, Mr Tan Seng Chong
PAVILON DESIGN & RENOVATION SDN BHD, (07) 386 8808, (07) 388 1584, jennygoh3886@yahoo.com, Mr Tea Voon Kiong
PAVILON INTERIOR DESIGN SDN BHD, + 60 7 387 6013| 386 8808, + 60 7 388 1584, jennygoh3886@yahoo.com, Mr Tea Voon Kiong [Managing Director]
PCH TIMBER SDN BHD, (0 3) 8024 9427, (0 3) 8024 9459, pch.timber@gmail.com, Mr Chew Kar Heng
PELLCO INDUSTRIES SDN BHD, (03) 7733 9811, (03) 7733 9811, hong@pellco.com.my, Mr Cheong Meng Hong
PENG KEE ENTERPRISE SDN BHD, (0 4) 263 2011, (0 4) 262 4798, admin@pengkee.com, Mr Tan Boon Hung
PERABUT CHIP HONG SDN BHD, + 60 (06) 987 2380, + 60 (06) 987 5171, chiphong@chiphong.com, Mr Ng Chong Lock
PERCEPTIVE PROFILE SDN BHD, + 60 (05) 366 5439, + 60 (05) 366 5139, admin@perceptive.com.my, Mr Cheah Chung Yeoh
PERKAYUAN RIMBA MURNI SDN BHD, + 60 9 513 1218, + 60 9 513 1198, N. A., Ms Cheah
PERKAYUAN SIM HUP SDN BHD, + 60 (09) 912 3027, + 60 (09) 912 3453, perkayuansimhup@hotmail.com, Mr Wang Kok Bing
PERMASCORP SDN BHD, (0 3) 9285 3906, (0 3) 9282 2349, hq.permascorp@gmail.com, Mr David A/L N Rajoo
PERMATA MAKMUR SDN BHD, + 60 4 423 4376| 423 4796, + 60 4 423 5770| 423 7823, lyching74@yahoo.com, Ms Ching
PERMATA UPAYA (M) SDN BHD, + 60 9 266 1099| 266 7702, + 60 9 266 1769, info@permataupaya.com.my, Mr Liang Kok Bin
PERNIAGAAN TITI CANE SDN BHD, + 60 6 611 2378, + 60 6 611 2378, chia@titicane.com, Mr Chia: [H/P No: +60 (019) 265 3712]
PERUSAHAAN KAYU PAHANG TIMUR SDN BHD, + 60 9 566 1477, + 60 9 568 1211, admin@twinsfurniture.com, Y Bhg Dato' Stanley Goh
PERUSAHAAN PERKAYUAN WAN FENG SDN BHD, + 60 7 937 0610, + 60 7 937 0618, wanfeng9331@yahoo.com, Mr Ken Tan
PERWAKILAN NAKHODA SDN BHD, + 60 3 3167 5012| 3167 5013| 3165 2271, + 60 3 3167 6868| 3168 6868, bkyang@nakhodalse.com, Mr How Ing Kok
PESAKA TERENGGANU BHD, + 60 9 833 7232| 833 7266| 833 7323, + 60 9 833 7328, yue86_jian@yahoo.com, Tuan Hj Abd Aziz bin Awang Tera
PESAMA TIMBER CORPORATION SDN BHD, + 60 9 859 1122| 859 2514| 859 1291| 859 2448, + 60 9 859 4544, pesamatimber@yahoo.com.my, En Hilmi bin Awang
PINK HARBOUR SDN BHD, (0 3) 7873 7736, NaN, phtimbermalaysia@gmail.com, Mr Bubalan A/L Subramani
PIO BIOMASS (M) SDN BHD, (03) 6251 1101, (03) 6251 1127, piokl@pio.com.my, Mr Wong King Iion
PIO HARDWOODS (M) SDN BHD, + 60 3 6251 1101, + 60 3 6251 1127| 6251 1128, piokl@pio.com.my, Mr David Wong
PIO RESOURCES SDN BHD, (03) 6251 1101, (03) 6251 1127, piokl@pio.com.my, Mr Wong King Iion
PMH TIMBER INDUSTRIES SDN BHD, (0 3) 6145 0968, (0 3) 6144 0968, enquiry@pmhtimber.com, Mr Low Kai Meng
POH KEONG INDUSTRIES SDN BHD, + 60 (06) 981 1498| 981 3486| 985 0546, + 60 (06) 981 1162, janet@pohkeongfurniture.com, Mr Lee GK
POWERFLOW MARKETING SDN BHD, + 60 3 5161 4763 012260 8844, + 60 3 5161 5910, sl_sun@live.com, Mr Lim Swee Hing
PRECIOUS CONCEPT (M) SDN BHD, + 60 (05) 757 8202, + 60 (05) 757 8204, noovana716@yahoo.com, Tan Chong Yen
PREMIER INTERNATIONAL MARKETING SDN BHD, (0 3) 7859 0877, (0 3) 7859 0977, liewch@prg.com.my, Mr Tam Yet Shyan
PREMIER LUMBER SDN BHD, + 60 3 2078 6315, + 60 3 2078 7513, cktang51@hotmail.com, Mr Tang Chee Kiong
PREMIER WOODPROFILE SDN BHD, + 60 (07) 652 2031, + 60 (07) 652 2039, marketing@premwood.com, Mr Tang Kok Kiang
PRENT (MALAYSIA)  SDN BHD, (0 7) 599 7661 / 599 7662, (0 7) 599 7660, NaN, Mr Saiful Nizam Bin Masrom
PRISTINE REGION SDN BHD, (03) 6156 8138, (03) 6157 2147, pristine.region@gmail.com, Mr Lee Kean Heng
PRO NOBLE TIMBER SDN BHD, NaN, NaN, ygn6068@gmail.com, Ms Alison Yeo Geok Neo
PROCESS SYSTEMS ENGINEERING SDN BHD, + 60 3 6272 4628, + 60 3 6275 5629, hongpl19@gmail.com, Mr Hong Pek Lee
PROFINA PLYWOOD SDN BHD, (0 7) 773 2499, (07) 774 2499, profinaplywood@gmail.com, Mr Chuah Keng Kooi
PULAI SETIA SDN BHD, NaN, (09) 916 2636, pulaisetiasdnbhd@gmail.com, Mr Lim Bing Chong
PURE STAR EXPORT SDN BHD, (06) 986 7899, (06) 986 0000, shipping@purestarexport.com, Mr Ee Szu T'sung
PVS INTERNATIONAL (M) SDN BHD, NaN, (0 86) 317 573, wwong@pvsinternational.com, Mr William Wong
QF BIOENERGY SDN BHD, NaN, NaN, qfbioenergy@gmail.com, Ms Tee Chia Hooi
QOSMER WOOD SDN BHD, + 60 (03) 6156 6989, + 60 (03) 6156 8773, qosmerwood@gmail.com, Mr Teh Chee Fah [Director]
QUALITY COILS INDUSTRIES SDN BHD, (05) 465 2771, (05) 465 4091, info@qci.com.my, Mr Andrew Yeoh Chin Yek
R JIE WOOD TRADING, NaN, NaN, NaN, Mr Chong Soon Chai
R. K. WORLD RESOURCES SDN BHD, + 60 3 3168 1380, + 60 3 3168 7430, vani@rkworld.com.my, Mr Ramiah Komaran
R. S. TIMBER SDN BHD, + 60 3 3318 8099, + 60 3 3319 1899, rstimber@rsgroup.com.my, Mr Nagaradran R.
RABIA WOOD INDUSTRIES SDN BHD, NaN, NaN, rabiawood@gmail.com, Encik Mohamed Sadik Batcha
RAINBOW PELLET SDN BHD, (0 3) 6251 1101 / 1102 / 1103 / 1105 / 1106, (0 3) 6251 1127 / 1128, piokl@pio.com.my, Mr Wong Chiung Cheng
RAZIQ FAREED SDN BHD, + 60 3 7726 5513, + 60 3 7725 5517, razikj@yahoo.com, Mr Razik Fareed Jaffardeen
RDDHI RESOURCES SDN BHD, (0 3) 3323 2514, (0 3) 3319 0796, vj@rddhi.biz, Mr Vijayaraj Sundaraj
REDBRIDGE SDN BHD, (0 7) 353 9478, (0 7) 353 1212, redbrigego@hotmail.my, Mr Go Cheng Hock
REI MANAGEMENT SDN BHD, + 60 3 8600 1577, + 60 3 8600 1568, reimngt@streamyx.com, Mr Chee TF
RELIANCE TIMBER TRADING (M) SDN BHD, + 60 9 517 1188, + 60 9 517 1166, reliancett@yahoo.com, Datin Fu Shu Yang
REPWELL SDN BHD, + 60 (084) 334 089, + 60 (084) 311 089, repngu@gmail.com, Mr Ngu Ming Ung
RIMBA MAKMUR SDN BHD, (0 3) 3358 6063, (0 3) 3344 6339, yoonlai3@yahoo.com, Mr Lai Yoon Choy
ROSEWOOD CORPORATION SDN BHD, + 60 3 2166 6922| 2166 6902, + 60 3 2161 0944, general@rosewoodcorp.biz, Mr Lau Hieng Tung
RS IMPEX SDN BHD, NaN, NaN, rspexbhd@gmail.com, Mr Tiang Keik Hin
RURAL ASSET DEVELOPMENT SDN BHD, (0 3) 7831 2319, (0 3) 7832 4319, accounts@ruralasset.com, Ms Sherlyn Low
RX NINE TRADING SDN BHD, + 60 (016) 771 2168, + 60 (07) 512 6679, rxnine8808@gmail.com, Ms Woon Swee Fan
S M P MERCHANT SDN BHD, (07) 382 3778, (07) 382 1889, smptimber@gmail.com, Mr Lee Hai Lee
S P SETIA MARKETING SDN BHD, (0  3) 6092 8022, (0 3) 6092 1805, tze@spsetia.com, Y Bhg Dato' Khor Chap Jen
SAFARI OFFICE SYSTEM SDN BHD, + 60 (03) 6156 6277, + 60 (03) 6156 8266, allan@safariofficesystem.com, Mr Allan Tang [H/P NO: +60 (012) 391 2000]
SAIRA RESOURCES SDN BHD, (0 3) 4031 9690, (0 3) 4031 9691, sairaresources@gmail.com, Mr Zahid Habib
SAL PACKAGING (M) SDN BHD, + 60 7 883 3116, + 60 7 883 3115, enquiry@salpac.com.my, Ms Chong Suk Shien
SALAK (SOON LEE) SAWMILL, + 60 3 8706 1250| 8706 1133, + 60 3 8706 1133, salak_soon_lee@hotmail.com, Mr Barry Koh
SAMUDAYA PHITA ENTERPRISE, NaN, (0 7) 353 2543, NaN, Mr Lee Chong Guan
SANKEY DOWELS & MOULDING SDN BHD, + 60 3 3241 6406, + 60 3 3241 1386, sankey@sankeydowels.com, Mr Brian F. Sankey
SANSEN MALAYSIA AGARWOOD SDN BHD, (07) 338 4131, NaN, juliann8831@gmail.com, Ms Juliann Tan
SANTARY SDN BHD, + 60 5 466 6144, + 60 5 466 8144, simpohtrading@yahoo.com, Mdm Wong Lai Yong
SCH AGROTECH SDN BHD, NaN, NaN, crofton_ng0315@hotmail.com, Ms Ng Kai Lee
SCK WOODEN INDUSTRIES SDN BHD, + 60 (0 9) 581 9075 / 581 9654, + 60 (09) 581 9636, info@sck.com.my, Mr Gary Koh
SCT INDUSTRIES (M) SDN BHD, + 60 3 2166 9337, + 60 3 2166 8337, scts37@gmail.com, Mr KW Soh
SE AGRO INDUSTRIES SDN BHD, NaN, (07) 925 5378, NaN, Mdm Leong Leng Leng
SENG CHAP WAH TIMBER MERCHANT SDN BHD, + 60 9 266 5166, + 60 9 266 5168, scwtks@gmail.com, Mr Andy Yuan Fang
SENG HOCK HOE SAWMILL SDN BHD, + 60 5 791 3026, + 60 5 791 3026, senhokho@tm.net.my, Mr Seah Joo Chye
SENG YIP FURNITURE SDN BHD, + 60 (03) 8723 8500| 8723 4535, + 60 (03) 8723 3500, jackylim@syf.com.my, Mr AC Ng
SEONG LEE TIMBER INDUSTRIES SDN BHD, + 60 5 321 2316, + 60 5 321 6316, seonglee.ti@gmail.com, Mr Pong Yuk Cheong
SERIBU BIO-SYSTEMS SDN BHD, (0 3) 2272 1697, (0 3) 2272 3022, seribubio@gmail.com, Mr Chandra A/L L Ramprakash
SGI POWERHAUS SDN BHD, (0 3) 6257 8167, (0 3) 6250 8167, santhanavasan@gmail.com, En Radin Faisal
SGS ENTERPRISE SDN BHD, (0 9) 912 3072, (0 9) 912 2967, sgsentsb@gmail.com, Mr Chong Yit Woon
SGT GLOBAL SDN BHD, (03) 4105 6119, (03) 4105 8585, global@shingitai.com, Mr George Tan
SHANHONG ENTERPRISE SDN BHD, + 60 7 934 1510, + 60 7 934 1511, N. A., Mr Tey Take
SHEN FOONG TRADING SDN BHD, NaN, + 60 3 3272 0013| 9100 1694| 9101 2130, esteemms@yahoo.com, Mr Tan AK [H/P No: +60 19 277 2928]
SHENG HAO INDUSTRY SDN BHD, + 60 (06) 972 7829, + 60 (06) 972 7654, shenghao_industry@hotmail.com, Mr Lu A Ping
SHINAGAWA SDN BHD, + 60 3 5122 9130, + 60 3 5122 8130, fscwood999@gmail.com, Mr Wong Sin Cheng
SHINGITAI CORPORATION SDN BHD, + 60 3 4105 6119, + 60 3 4105 8585, office@shingitai.com.my, Mr George Tan
SHUA-LYM WOODWORKS SDN BHD, + 60 4 501 2655, + 60 4 501 2654, shualym691@gmail.com, Mr Chan Huan Ong
SIDAS CONSTRUCTION SDN BHD, (07) 937 0837, (07) 937 1333, sidasconstruction@gmail.com, Mr Ng Kian Heng
SIGNATURE PRODUCTS SDN BHD, (0 4) 898 2235, (0 4) 898 2232, signature@signatures.com.my, Mr Foo Leong Soon
SIN CHOONG YAN WOODWORK SDN BHD, (0 5) 201 5990 / 201 7989, (0 5) 201 7989, scywwsb@gmail.com, Mr Lee Kee Chong
SIN LANG AGARWOOD SDN BHD, + 60 6 232 1626, + 60 6 232 5811, N. A., Mr Lew JH
SING HUAT FURNITURE SDN BHD, + 60 (012) 620 5215, + 60 (06) 987 5177| 06 986 0446, singhuat@live.com.my, Mr. Sor Ca Boon
SINGA TRADING (M) SDN BHD, (0 3) 7783 7936, (0 3) 7781 4990, mei.stgroup@gmail.com, Mr William Ang Wee Ping
SITRAWOOD GLOBAL SDN BHD, + 60 (07) 773 0975, + 60 (07) 773 1015, sitrawoodglobal@yahoo.com.sg, Mr Chew
SKS LUMBER RESOURCES SDN BHD, + 60 3 8942 8992, + 60 3 8942 4992, lumber_sks@yahoo.com, Mr Yap
SL TIMBER SDN BHD, (07) 652 2959, (07) 652 6959, sltimber9188@gmail.com, Mr Soh Hock Sian
SOLID LUMBER SDN BHD, + 60 3 3324 9838, + 60 3 3324 8638, solidlumber@gmail.com, Mr C. L. Khoo
SONG SIM SAWMILL SDN BHD, + 60 9 277 1339, + 60 9 277 3399, songsimsawmill@gmail.com, Mr Soh Tan Meng [H/P : +60 (019) 988 6663]
SOON HENG TIMBER INDUSTRIES SDN BHD, (0 7) 431 8855, (0 7) 438 7325, soonheng.timber@gmail.com, Mr Ng Kok Wee / Mr Ng Kok Seng
SOON HONG CASKET TRADING, + 60 4 4316260, NaN, tomorrowlim@gmail.com, Mr.Lim [H/P : + 60 (012) - 4534638]
SOONFAR WOODWORKS SDN BHD, NaN, (0 89) 749 417, soonfar@gmail.com, Ms Lau Yoke Mooi
SPECIAL PROFIT SDN BHD, (09) 912 0961 / 912 0962, (09) 912 0960, specialprofitsb@hotmail.com, Mr Bong Kim Fah
SPRINGWOOD FANCY PANEL SDN BHD, + 60 4 416 0639, + 60 0 4 403 2388, anson_1985@hotmail.com, Mr Anson Lee Teik Seng
SRI MARTEK MARBLE INDUSTRIES (M) SDN BHD, (05) 357 2900, (05) 357 2918, a1962203@gmail.com, Mr Koo Kwok Lian
STANWOODS CORPORATION SDN BHD, + 60 9 277 3567, + 60 9 277 2660, hlper1@yahoo.com, Mr Per EC
STAR WOOD INDUSTRIES SDN BHD, + 60 3 3134 2288/ 2528, + 60 3 3134 2529, dragonsaiyan80@yahoo.com, Mr Rohan Ooi Keng Huat
STAR WOODLAND SDN BHD, NaN, (0 3) 9101 3003, star_woodland@hotmail.com, Ms Vicky Liew Sue Kiow
STK TIMBER EXPORT SDN BHD, NaN, (0 9) 566 2451, stkexport@hotmail.com, Mr Loh Kian Khim
STRAITS TIMBER EXPORTS SDN BHD, + 60 (03) 7781 2199, + 60 (03) 7781 2609, stppj@stpsb.com.my, Mr Ang Boo Hiang
STRAITS TIMBER PRODUCTS (PAHANG) SDN BHD, + 60 (03) 7781 2199, + 60 (03) 7781 2609, stppj@stpsb.com.my, Mr Ang Boo Hiang
STRAITS TIMBER PRODUCTS SDN BHD, + 60 (03) 7781 2199| 7781 4158, + 60 (03) 7781 2609, stppj@stpsb.com.my, Mr Ang Boo Hiang
SUKANA JAYA SDN BHD, (0 9) 513 61139, (0 9) 516 5229, NaN, Mr Loo Swee Kian
SUN KIN HENG SDN BHD, + 60 5 466 1822, + 60 5 466 1822, N. A., Mr Sam Chan [H/P No: +60 (016) 557 2873]
SUN WINDRA TRADING SDN BHD, + 60 4 - 4251 554, + 60 4 - 4251 554, sunwindra@yahoo.com, Mr Ramesh Manian
SUN Z MARKETING SDN BHD, (0 3) 6140 3996, (0 3) 6156 7996, sunj6999@gmail.com, Mr Heng Fook Boon
SUNDECK WOOD PRODUCT SDN BHD, + 60 7 353 2042, + 60 7 353 2042, swp@sundeck.com.my, Mr Khoo Swee Puan
SUNLIGHT TIMBER CORPORATION SDN BHD, + 60 (03) 3134 2786 / 3279, + 60 (03) 3134 2179, pandian@suntimber.com, Mr. Pandian
SUNTEC TIMBER SDN BHD, (0 9) 944 0600, (0 9) 944 0746, suntec_timber@hotmail.com, Mr Wang Kok Tin
SUNWAY MARKETING SDN BHD, (03) 5639 9997, (03) 5639 9522, swtradinghelpdesk@sunway.com.my, Mr Danny Tan Chin Uee
SUPER POWER BK SDN BHD, (04) 397 1176, (04) 438 9206, bbabu1176@gmail.com, Mr Ba Bu
SUPER SUNRISE SDN BHD, NaN, (0 3) 6186 8326, kwongyunghan@gmail.com, Mr Kwong Yung Han
SUPPLY MATTERS SDN BHD, (03) 6185 8235, (03) 6185 8237, admin@suppmatters.com, En Salah Hussain
SUPREME K.D. PROCESSING SDN BHD, + 60 9 566 6888, + 60 9 566 7290, chooty@timber.com.my, Mr Choo
SUPREME WOODBASE PRODUCT SDN BHD, 09 566 6666, 09 566 7290, futurewoodproducts@timber.com.my, Mr Choo Tuan Yong
SURIA DAYAPI TIMBER PRODUCTS SDN BHD, + 60 3 2093 0733| 2093 1733, + 60 3 2093 2733, suriadayapi@gmail.com, Mr Soong Teck Hin
SWP WOOD PRODUCTS SDN BHD, NaN, (0 9) 783 1026, saycheng61@gmail.com, Mr Ooi Say Cheng
SYARIKAT CHOW FONG TRADING SDN BHD, (0 9) 277 0928, (0 9) 277 4228, chowfongtrading2@gmail.com, Mr Lim Lik Chun
SYARIKAT JAYA WASO DUNGUN SDN BHD, (0 9) 551 7301, (0 9) 551 7300, jayawaso@yahoo.com, Mr Ng Sai Yee
SYARIKAT JAYA WASO SDN BHD, + 60 9 551 7301, + 60 9 551 7300, saiyee23@yahoo.com, Mr Ng SY
SYARIKAT KAYU-KAYAN BAOLI SDN BHD, + 60 5 466 7076, + 60 5 465 2835, syktbaoli99@yahoo.com.my, Mr Yeoh Hock Chai
SYARIKAT KAYU-KAYAN JAYAKAS SDN BHD, + 60 (04) 431 4313| 431 4314, + 60 (04) 431 4315, jayakas@jayakas.com, Mr Cheng Joo Chooi
SYARIKAT KEMAMAN TIMBER TRADING SDN BHD, + 60 9 517 7677| 517 7510, + 60 9 517 7348| 513 2848, admin@kemtimber.com, Mr Gerry Lim
SYARIKAT KILANG PAPAN SERI BUKIT KEPONG SDN BHD, + 60 6 971 0369, + 60 6 971 0998, skpsbksb@gmail.com, Mr Wong Wan Loy
SYARIKAT KILANG PAPAN SUNGAI CHARU SDN BHD, + 60 9 547 8171, + 60 9 547 8575, low8998@hotmail.com, Mr Low Kian Chong
SYARIKAT MINHO KILNING SDN BHD, + 60 3 3291 1300, + 60 3 3291 2100, minho.accdept@gmail.com, Mr Lim Kee Poh
SYARIKAT PERABUT BUKIT BATU SDN BHD, + 60 6 986 5269, + 60 6 986 6503, N. A., Mr Toh SS
SYARIKAT POH HUP SDN BHD, + 60 5 495 6858, + 60 5 495 6262, pohhup@yahoo.com, Mr Tan Sian Kuang
SYARIKAT TENAGA SETIASAMA SDN BHD, (03) 3101 3039 / 3101 3376 / 3101 3797, (03) 3101 5880, vivian@tenagasetia.com, Ms Lim Sze Yuen
SYARIKAT USAHASAMA GUA MUSANG, + 60 (03) 9011 0966, + 60 (03) 9011 0966, N.A, Mr Lum
SYMPHONY SOLUTION SDN BHD, NaN, NaN, symphonysolution88@gmail.com, Mr Wong Chee Yai
TAICHEN ENTERPRISE SDN BHD, + 60 3 6189 9043, + 60 3 6189 9044, cctai@taichen.com.my, Mr Tai CC
TAIK SIN TIMBER INDUSTRY SDN BHD, + 60 3 3168 6842, + 60 3 3167 2997, admin@taiksintimber.cm.my, Mr Goh Boon Kim
TAISHI-TECH INDUSTRIES SDN BHD, + 60 7 428 6222, + 60 7 428 5655, cchieng@taishi.asia, Mr Chua Chee Hieng (Managing Director)
TALLAHESSE SDN BHD, (0 3) 6142 2055, (0 3) 6142 2312, khairilanuar@tallahesse.com, Mr Alexander Hao Nan Koo
TAN CHIN HUAT & BROTHERS SDN BHD, (03) 3101 4457, (03) 3101 5890, tanchinhuatbrothers@gmail.com, Mr Chia Wah Ling
TAZ OPEN SYSTEMS SDN BHD, + 60 (03) 78049111, + 60 (03) 78040111, milgret@tazcorporation.com, Mr. Lee Sook Cheong
TECHNIRAY SDN BHD, (04) 551 1011, (04) 551 1041, ask.techniray@gmail.com, Mr Teoh Hun Kow
TENAGA KHIDMAT TRADING (M) SDN BHD, + 60 3 3168 0455, + 60 3 3168 0263, kengyao@titimas.com.my, Mr Yeoh Keng Yao
TEOH CHONG SEY SAWMILL SDN BHD, + 60 4 572 8888, + 60 4 572 8188, yewhien@yahoo.com.sg, Mr Teoh Yew Hien
TERAJU MEKAR SDN BHD, + 60 9 513 2972, + 60 9 513 1198, N. A., Mr Lim YK
TGC TALENT FURNITURE SDN BHD, + 60 (012) 373 7654, + 60 (06) 981 1129, mcfeli@pd.jaring.my, Mr Tan Hup Boon [Director]
TGM INTERNATIONAL SDN BHD, (03) 2276 2863, (03) 2284 4699, nathan.g@mgngroups.com, Mr Thiaga Rajan Muthusamy
TH WOOD PRODUCTS TRADING, (0 9) 912 5088, (0 9) 912 5388, thwoodproductstrading@gmail.com, Mr Ho Choong Leong
THAI TIMUR TIMBER SDN BHD, (0 9) 966 8262, (0 9) 966 8262, thaitimurtimber_1804@hotmail.com, En Zulkefly B Mat Dzin
THAMEEM TRADINGS (M) SDN BHD, (03) 4280 9560, (03) 4280 9509, thameemtradings@hotmail.com, Mr Syed Thameem Mohamed Arif
THE GREEN VENTURE SANDALWOOD PLANTATION BERHAD, (0 3) 2242 1891, NaN, malaysia.info@tgvplantation.com, Y Bhg Dato' Choong Yong Pang
THE HOGAN FURNITURE SDN BHD, NaN, NaN, info@thehoganfurniture.com, Mr Tok Loo Sean
THE WOOD FACTORY SDN BHD, (0 3) 7661 2733 / 7661 1611, (0 3) 7661 1988, eatimberexport@gmail.com, Ms Lim Mei Fen
THIAM BEE TIMBER PROCESSING SDN BHD, (0 7) 883 2829, (0 7) 883 9282, NaN, Mr Tan Gek Seng
TIMBALABS (M) SDN BHD, NaN, NaN, timbalabs.my@gmail.com, Mr Lim Boon Bing
TIMBER BACKERS SDN BHD, + 60 3 6257 6772| 12 278 1152, + 60 3 6257 6796, timberbackers@hotmail.com, Ms Yap
TIMBER BOSS SDN BHD, (0 9) 955 0037, (0 9) 955 9337, tainien0728@gmail.com, Mr Lui Tai Nien
TIMBER TRADE CONNECTION B. V., + 60 31 570 505 999, + 60 31 570 505 990, info@timbertc.com, Mr Thomas J. Trooster
TIMBER TRADERS (SELANGOR) SDN BHD, + 60 3 6049 1287| 12 211 2513, + 60 3 6049 1287, jeffreylimch@hotmail.com, Mr Jeffrey Lim
TIMBERLUX SDN BHD, + 60 16 923 6068, + 60 9 567 1540| 581 9270, N. A., Mr Koh Seow Bean
TIMBMART SDN BHD, (0 9) 277 7118, (0 9) 277 7188, timbmartsb@gmail.com, Mr Ha Kian Meng
TIMELESS WORLDWIDE SDN BHD, (0 3) 6411 3123, (0 3) 6411 3122, timelesswwsb@gmail.com, Y Bhg Datin Lee Yien Ju
TING TINH RESOURCES SDN BHD, NaN, (09) 277 0333, thyehing@hotmail.com, Mr Hong Huei Yan
TIONG LIM TIMBER SDN BHD, (0 7) 652 2959, (0 7) 652 6959, tionglim95@gmail.com, Mr Lim Ah Lai
TJIEN FUAT TRADING SDN BHD, + 60 (05) 533 3177, + 60 (05) 533 0919, tjienfuat@gmail.com, Ms. Ai Lee
TLH TIMBER SDN BHD, NaN, (0 3) 5633 9400, tlhtimber@yahoo.com, Mr Te Lian Hooi
TODAY WOODEN INDUSTRIES SDN BHD, + 60 7 861 6363, + 60 7 863 1536, hunghie@kaogroup.com, Ms Tiong Hung Hie
TOP FOREST WOOD SDN BHD, + 60 3 3325 5996| 3325 5997| 3325 5998, + 60 3 3323 1540, tfwsb99@streamyx.com, Mr KH Lim [H/P No: +60 (012) 273 2737]
TOP LEADER SDN BHD, (0 3) 8959 2999, (0 3) 8959 1999, info@iloveyoo.com.my, Mr Leong Khee Fong
TOP SQUARE FORWARDING & SHIPPING (M) SDN BHD, (0 3) 3325 5555, (0 3) 3325 5600, datovijay@topsquaregroup.com, Y Bhg Dato' Sri Dr. Vijayan
TOP STATUS KD SDN BHD, + 60 3 3134 1026| 3134 1226| 3165 5913 (A/C), + 60 3 3134 1320| 3165 0913, topmeru@hotmail.com, Mr Ang CH
TRANSMOTION DYNAMIC SDN BHD, (0 7) 357 3233, (0 7) 357 4233, transmotiondynamic@gmail.com, Mr Lim Sen Huai
TREEHOUZ ASIA SDN BHD, (0 3) 5891 8778, NaN, eh.tan@treehouz.asia, Mr Tan Eng Hau
TRENTIM WOOD SDN BHD, + 60 9 622 1318, + 60 9 622 9118, thsii@pd.jaring.my, Mr Sii TH
TRIDENT ANCHOR SDN BHD, (0 3) 3372 3232, (0 3) 3373 3233, ls.pong@tridentanchor.com, Mr Pong Lueng Swee
TRIO PAPER MILLS SDN BHD, (0 4) 588 7319, (0 4) 588 7327, wt_lee@triopaper.com.my, Mr Ng Soon Huat
TROPIC TIMBER SDN BHD, + 60 9 581 9781| 16 923 6068, + 60 (09) 581 9270, alisontps@yahoo.com, Mr Tithapong Phongsphetrarat
TROPICAL GREENWOOD DISTRIBUTION SDN BHD, + 60 4 782 2967| 19 277 1968, + 60 4 782 3824, ngie@tropical-greenwood.com, Mr How Shel Ley
TROPICAL TIMBER MARKETING SDN BHD, + 60 (012) 883 5522, NaN, trotimber@yahoo.com, Mr Augustine Teng
TROPICAL WOOD TRADING SDN BHD, (0 5) 201 2610, (0 5) 201 2610, tengsaaron@gmail.com, Mr Patrick Teng Kheng Huh
TRUE ACCLAIM SDN BHD, + 60 3 9171 6676| [H/P NO: +60 12 232 5334], + 60 3 9171 8676, chua@trueacclaim.com, Mr Chua Song  Fong (Executive Director)
TS TIMBER INDUSTRIES (JELI) SDN BHD, (0 9) 944 0309, (0 9) 944 0461 / 945 4461, tstimberinds.jeli@gmail.com, Mr Siow Teck Liong
TSM PRIDE SDN BHD, NaN, (0 3) 8958 5568, taikoonyen@gmail.com, Mr Tai Koon Yen
TST SPEED MART MARKETING, NaN, NaN, tstspeedmarketing@gmail.com, Ms Suhaida Bt Mohd Hanapiah
TWINS FURNITURE MANUFACTURER SDN BHD, + 60 (0 9) 566 1477, + 60 (0 9) 568 1211, admin@twinsfurniture.com, Y Bhg Dato' Stanley Goh
U M WOOD INDUSTRIES SDN BHD, + 60 9 680 4331|  680 4335, + 60 9 680 4336, serimarang@live.com, Mr Young Chuan Kim
U-TIMBER INDUSTRIES IMPORT & EXPORT SDN BHD, (0 7) 776 1928, (0 7) 777 1901, u-timber@hotmail.com, Mr Tai Pok Seng
UB FRAMEWOODS SDN BHD, + 60 3  3191 1921, + 60 3 3191 1921, maylimwm@gmail.com, Ms. Lim Wat Mooi
UNI-LUMBER SDN BHD, (0 5) 360 0181 / (0 88) 267 499, (0 5) 360 0181 / (0 88) 267 499, unilumber@yahoo.com, Mr Lee Lye Soon
UNIQUE SYMBOL SDN BHD, + 60 9 566 0786| 566 0788, + 60 9 566 0787, unique.symbol@gmail.com, Mr Loo Swee Kian
UNITED DOUBLE WING SDN BHD, (0 86) 310 606, (0 86) 315 804, rasasang@outlook.com, Mr Law Hieng Chai
UNITED TRADING & SAWMILL SDN BHD, + 60 3 2164 4298| 2164 4299, + 60 3 2164 4289, mary_ting@uts.net.my, Mr Gerald Bong
USAHASAMA MAJU KITA TRADING, (0 3) 5524 2757, (0 3) 5524 2758, mrd7474@yahoo.com.my, Mr Mohd Razaly Bin Dahalan
UTS MOULDINGS SDN BHD, + 60 (09) 329 1086, + 60 (09) 329 1199, gerald_bong@uts.net.my, Mr Gerald Bong
V TEXT WOOD SDN BHD, + 60 9 517 2555, + 60 9 517 2777, vtextwood@yahoo.com, Mr Liew Sun Kin : [H/P No: +60 (019) 2155575]
VALUED PRODUCTS (M) SDN BHD, + 60 6 986 5560, + 60 6 986 4461, siahskfi@yahoo.com, Mr Koh KC
VEIN WOOD PRODUCTS SDN BHD, (03) 3163 0423, (03) 3163 0423, guna_6520@hotmail.com, Ms Gunavathy
VENEER MARK SDN BHD, (0 3) 7846 4588, (0 3) 7846 5260, veneermark7@gmail.com, Mr Chan Kam Loon
VEST MATRIX (M) SDN BHD, (03) 7842 3626, (03) 7842 3629, vmatrix_cheng@yahoo.com, Mr Cheng Wee Hon
VICTORY ENTERPRISE SDN BHD, (03) 3291 2811, (03) 3291 2993, victory83v@gmail.com, Mr Ricky Yap Leong Seng
VIN-FOREST INDUSTRIES SDN BHD, + 60 3 3134 1888, + 60 3 3134 1760, chankc@vin-forest.com.my, Mr Chan Kok Chin [H/P No: +60 (012) 200 2697]
VINTAGE TRADE SDN BHD, (0 3) 3325 7030, (0 3) 3325 7032, leenah@vintagetrade.com.my, Ms Leenah Peythisa
VIRTUE CAPITAL RESOURCES SDN BHD, (0 9) 549 7611, (0 9) 549 7301, virtue.my2016@gmail.com, Dato' Loo Swee Keong
WAJAHAT AND PARTNERS SDN BHD, (03) 7873 0392, NaN, wajahat@wajahatandpartners.com.my, Mr Wajahat Naseem
WAN SOON TIMBER TRADING, (0 9) 960 5868, (0 9) 960 5868, lienywee88@yahoo.com, Mr Teo Kok Kar
WANGSAMAKMUR CORPORATION (M) SDN BHD, + 60 9 568 0030| 17 222 6700, + 60 9 567 2222, yisyuen.lim@oneoriental.com.my, Ms Evelyn Aug Bee Chien
WANGTA TIMBER SDN BHD, + 60 4 484 3634| 484 3636, + 60 4 484 3635, N. A., Mr Chu Ee Yam [HP No: +60 (017) 421 3399]
WARISAN MATANG SDN BHD, (06) 761 9160, (06) 764 9160, jessthin@gmail.com, Ms Thin Bee Leng
WEI YIIT TRADING, NaN, (07) 861 6702, weiyiit686@gmail.com, Mr Ng Teng Hui
WENG MENG INDUSTRIES SDN BHD, + 60 3 3149 1188, + 60 3 3149 1800, george@wm.com.my, Mr George Yap
WINFAST INDUSTRIAL HOLDINGS SDN BHD, + 60 9 517 2587, + 60 9 517 2586, cheahcy28@hotmail.com, Dato' Sri Peter Cheah Chan Yau  [H/P No: +60 (019) 910 2633]
WISTRA KAYUAN SDN  BHD, + 60 9 680 1352, + 60 9 680 1622, N. A., Mr Yap Khoon Hong
WNP LUMBER SDN BHD, (0 3) 7873 0392, (0 3) 7873 0392, wnplumber@wajahatandpartners.com.my, Mr Wajahat Naseem
WOH HUP KEE SAWMILL SDN BHD, + 60 5 241 1030| 254 8208, + 60 5 253 6488, wohhupkee@yahoo.com, Mr Lee Chee Kong
WOOD SALES AGENCY SDN BHD, + 60 6 762 5414| 762 6236, + 60 6 762 9939, N. A., Ms Loh
WOODPAC SDN BHD, + 60 4 468 7069| 468 7079| 468 4880, + 60 4 468 7080, woodpacsdnbhd@gmail.com, Mr Dexter Ong Kok Luen
WOODSPHERE SDN BHD, + 60 3 8942 8992, + 60 3 8942 4992, lumber_sks@yahoo.com, Ms Yap
WORLD PARADE SDN BHD, (09) 232 0268, (018) 342 0268, NaN, Mr Lim Kian Loong
WORLD SUPPLY MART SDN BHD, (0 5) 805 4340, (0 5) 805 4341, herainkarmawat@gmail.com, Mr Veram Mutu A/L Kapparoo
WORLDFURN RESOURCES, + 60 (06) 986 3739, + 60 (06) 986 3739, celine@worldfurn.com, Ms Tan Mui Siah
WORLDWIDE FLOORS (M) SDN BHD, + 60 3 5161 5895| 12 799 3885, + 60 3 5161 4144, jimb181@yahoo.com, Ms Lim
WS CAPITAL SDN BHD, (09) 512 4498, (09) 512 4498, wscapital.sb@gmail.com, Mr Ng Kian Kee
WS TROPICAL RESOURCES SDN BHD, + 60 3 7660 0628, + 60 3 7660 0638, mohamed@wstropical.com.my, Mr Mohamed Nhari
WTM RESOURCES SDN BHD, (082) 456 095, (082) 456 195, rltimber@gmail.com, Mr Ngu Lee Hieng
WWW RAINBOW SDN BHD, (03) 6251 1101, (03) 6251 1127, piokl@pio.com.my, Mr Wong King Iion
YAMA WOODPAC, (0 5) 791 3095, (0 5) 791 3095, yamawp@gmail.com, Ms Gan Kim Thor
YAMASHUN TEAM WOODS SDN BHD, NaN, NaN, yamashuntw@gmail.com, Mr Tan Long San
YANG HUAY WOOD INDUSTRIES SDN BHD, (0 9) 954 4733, (0 9) 955 7635, yanghuaywood@gmail.com, Mr Zou Yong Dong
YANOX MALAYSIA SDN BHD, + 60 9 583 3636, + 60 9 583 3637, yanox@yanoxm.com.my, Mr Yoshinori Miyazawa
YAT GUAN (M) SDN BHD, + 60 7 332 8218| 331 1255, + 60 7 332 6625, yguan711@streamyx.com, Mr Lim Beng Qui
YCM TIMBER INDUSTRIES SDN BHD, NaN, NaN, ycmtimber@hotmail.com, Mr Yap Chen Seong
YEE POH TIMBER SDN BHD, + 60 3 6280 3330, + 60 3 6280 3331 / 6280 3332, info@yeepoh.com, Mr Wong Kar Wai
YEOH HUP BEE SDN BHD, + 60 4 769 2555, + 60 4 769 4555, N. A., Mr Yeoh Ee Ti
YEOH SOOI BEE SDN BHD, + 60 4 769 2555, + 60 4 769 4555, N. A., Mr Yeoh Ee Ti
YESING MARKETING SDN BHD, + 60 5 465 4070, + 60 5 466 4495, rueychan92@gmail.com, Ms Rainbow Chan Hong Yee
YNL MAJU SDN BHD, (0 9) 238 1223, (0 9) 338 1190, ynlmajusb@outlook.com, Mr Yeoh Say You
YONG SERN TIMBER TRADING SDN BHD, NaN, (0 9) 612 0288, yongserntimber@gmail.com, Mr Lee Yong Sern
YPS TRADING SDN BHD, + 60 3 8940 8060, + 60 3 8941 0949, yps_trading@yahoo.com, Ms Yap
ZHUN LING ENTERPRISE SDN BHD, + 60 4 441 2892, + 60 4 442 6470, zhunling86@gmail.com, Mr Tan Siew Heng
ZIHAN CHARCOAL & CARBON, NaN, NaN, zihancharcoal@yahoo.com, Mr Chat Yew Choi
